"gender","age","higher_edu","income_chng","polinterest","home_child","income","infection","self_esteem","pol_participation","pol_participation_past"
0,34,1,2,3,0,2,0,3,9,2
1,63,1,3,2,0,2,0,1,0,1
0,35,0,4,4,0,4,0,4,18,17
0,57,1,2,3,0,2,0,1,1,2
0,27,1,5,3,0,2,1,2,22,21
1,44,0,1,4,0,4,0,4,6,15
1,22,1,3,2,0,2,0,3,4,3
1,21,1,4,2,0,3,0,4,17,17
1,32,0,3,3,0,2,0,4,0,0
0,28,0,3,2,0,2,0,3,6,2
1,36,0,3,3,1,2,0,3,1,2
1,61,0,3,2,0,3,0,2,2,7
0,62,0,3,3,0,3,0,4,2,2
1,54,0,2,2,0,2,0,4,0,0
1,23,1,1,3,0,2,0,4,0,0
1,58,0,3,3,1,2,0,3,0,0
1,40,1,2,4,0,2,0,2,0,2
0,69,0,4,4,0,1,0,4,0,0
1,54,0,1,4,0,3,0,2,0,0
0,61,0,3,3,0,2,0,4,0,0
0,64,0,3,1,0,3,0,3,0,0
0,56,1,3,2,0,1,0,3,0,1
0,23,0,3,3,0,2,0,3,0,1
0,56,1,3,3,0,2,0,2,0,0
1,27,1,4,2,0,1,0,4,1,0
0,44,1,2,3,0,2,1,4,4,5
0,56,1,3,2,0,1,0,5,0,0
1,20,1,4,3,0,2,1,3,13,13
1,66,0,3,2,0,2,0,4,0,0
1,49,0,3,2,0,3,0,2,0,0
1,31,1,2,2,1,1,0,3,0,1
0,68,0,3,3,0,2,0,3,0,0
1,37,0,3,4,0,2,0,5,0,0
1,47,0,3,1,0,1,0,2,0,0
0,25,1,3,3,0,1,0,4,0,0
0,69,0,3,2,0,2,0,4,0,0
1,33,1,1,2,0,4,0,2,0,0
1,62,0,2,2,0,3,0,5,0,0
1,34,1,3,2,0,2,0,1,5,0
1,25,1,2,3,0,2,1,2,3,8
0,59,0,3,4,0,2,0,4,4,6
1,21,1,4,2,0,2,0,2,0,4
1,49,0,2,2,1,2,0,3,0,0
0,61,1,3,4,0,3,0,2,3,4
0,57,0,3,3,0,1,0,4,3,2
0,69,1,3,3,0,2,0,4,0,2
0,51,0,3,4,0,2,0,3,0,0
0,58,1,3,3,0,2,0,3,0,0
0,45,0,2,4,1,2,1,5,29,27
0,57,0,3,3,0,2,0,4,1,0
1,36,0,3,2,0,2,0,5,0,0
1,39,0,3,3,0,2,0,2,0,0
0,65,0,1,4,0,4,0,4,2,2
1,28,0,2,1,0,3,0,2,0,0
0,55,0,1,2,0,3,0,3,0,3
1,42,1,3,3,0,2,1,4,10,8
1,66,1,2,4,0,2,0,4,0,0
1,41,1,3,3,0,2,0,4,0,0
1,45,0,2,1,0,2,0,2,0,0
1,23,1,3,2,0,1,0,4,5,5
1,41,0,2,2,0,2,0,3,1,0
0,50,0,3,2,0,3,0,5,0,0
0,59,0,3,4,0,2,0,4,19,15
1,37,0,3,2,0,2,0,3,0,0
0,53,0,2,4,0,2,0,4,2,2
0,62,0,5,4,0,1,0,4,3,4
0,30,0,1,3,0,2,0,4,6,2
1,30,1,2,2,0,2,0,2,0,0
1,47,0,3,1,1,3,0,1,0,0
0,60,0,4,3,0,2,0,3,0,0
0,54,1,1,4,0,3,0,4,9,2
0,50,0,3,3,0,2,0,3,2,2
1,51,1,3,3,0,1,0,2,0,0
1,20,1,3,3,0,1,0,3,25,25
0,28,1,2,3,1,3,0,3,3,0
0,62,0,3,3,0,3,0,3,0,0
1,29,1,3,3,0,1,0,3,0,0
0,66,1,3,3,0,2,0,3,1,0
1,39,1,2,2,1,2,0,2,0,0
1,37,1,2,3,0,1,0,3,1,1
0,36,0,2,3,0,2,0,2,2,0
0,62,0,3,2,0,2,0,4,5,0
1,46,1,3,2,0,2,0,4,0,0
1,41,1,2,1,1,2,0,2,0,0
1,38,1,3,4,0,2,0,4,9,16
1,67,0,3,4,0,1,0,5,0,0
0,58,0,2,3,0,2,0,4,0,0
1,52,1,3,3,1,2,0,4,0,0
0,65,0,3,3,0,2,0,3,2,2
1,68,0,2,3,0,2,0,3,2,2
1,31,0,3,3,0,3,0,1,2,0
1,24,0,3,2,0,2,0,2,0,0
1,51,0,1,2,0,2,0,4,0,0
0,34,1,3,3,0,1,0,5,0,0
0,25,1,3,3,0,2,0,3,3,6
1,35,0,3,2,0,1,0,4,0,1
1,37,1,2,3,0,2,0,5,2,0
1,38,1,3,3,1,2,0,3,0,0
1,44,0,3,1,1,2,1,5,0,1
0,29,0,3,2,0,3,0,1,0,3
1,43,0,3,2,1,2,0,1,0,0
1,46,0,3,3,0,2,0,3,0,0
0,23,1,2,1,0,3,0,2,0,0
1,51,0,2,2,1,2,0,3,2,1
0,18,0,5,4,0,1,0,2,0,0
0,29,0,3,3,1,2,0,4,6,2
1,41,0,5,4,1,1,0,4,0,0
1,43,1,3,2,0,2,0,4,0,0
0,69,1,2,2,1,2,0,3,0,0
0,56,0,2,4,0,2,0,5,0,0
0,29,0,1,1,0,4,0,5,0,0
1,40,0,3,2,0,2,0,4,0,1
1,45,0,2,2,0,2,0,4,0,0
1,51,1,3,3,0,2,0,3,0,0
1,29,1,3,3,0,1,0,4,14,6
0,57,0,3,3,0,2,0,5,0,0
0,48,1,3,4,0,2,0,3,3,7
0,45,0,2,2,1,2,0,5,0,1
1,31,0,3,3,0,2,0,3,0,1
0,26,1,2,4,0,1,0,3,0,1
0,58,0,1,3,0,2,0,3,6,6
0,67,0,4,2,0,2,0,4,0,0
1,35,1,5,2,0,1,0,2,6,0
0,29,0,1,3,1,2,1,4,21,20
1,34,1,3,3,1,2,0,4,11,6
0,54,0,3,3,0,2,0,3,0,0
1,53,0,2,3,0,3,0,2,0,0
1,52,1,3,2,0,2,0,3,3,4
0,69,0,3,4,0,1,0,4,3,4
1,52,0,3,3,0,2,0,4,3,3
1,54,1,3,2,0,2,1,3,0,0
0,43,1,2,3,0,2,0,1,0,0
0,56,1,5,4,0,1,0,4,9,5
0,55,0,3,3,0,1,0,3,1,1
0,55,0,1,3,0,4,0,1,0,0
1,40,1,3,2,1,1,0,3,0,0
0,58,0,3,2,1,3,0,3,0,0
1,18,0,2,1,0,2,0,3,1,1
1,45,1,2,1,0,3,0,4,0,1
0,52,0,3,3,0,2,0,3,0,0
0,66,0,3,4,0,3,0,5,2,4
0,20,0,5,4,0,1,0,5,0,0
0,22,0,3,3,0,2,0,3,12,14
1,33,1,2,2,1,2,0,2,0,0
1,43,0,2,3,0,2,0,2,0,0
0,30,1,3,3,0,2,0,2,2,2
1,25,0,1,2,0,2,0,4,0,0
0,64,1,2,4,0,1,0,4,1,1
1,65,0,3,3,0,2,0,4,2,2
0,63,1,3,3,0,1,0,3,0,0
0,60,1,3,2,0,1,0,4,0,0
1,35,0,2,2,0,2,0,4,2,1
1,43,0,4,4,1,2,0,5,25,2
1,35,1,3,4,0,1,0,3,2,6
1,31,0,3,1,1,2,0,2,0,0
0,62,0,3,3,0,2,0,4,3,0
1,20,0,3,1,0,2,0,2,0,0
1,32,1,3,3,0,2,0,3,0,0
0,69,1,3,3,0,1,0,4,3,2
0,59,0,3,3,0,2,0,4,0,0
1,33,1,3,3,0,1,0,2,0,3
0,54,0,3,3,0,2,0,3,0,0
1,42,1,2,2,1,2,0,3,0,0
1,41,0,2,1,0,2,0,5,0,0
1,21,1,3,2,0,2,0,3,2,2
0,56,1,3,4,0,2,0,4,1,0
0,37,0,1,2,0,1,1,2,8,16
0,54,1,3,3,0,2,0,4,0,0
1,30,0,2,1,1,3,0,2,0,0
0,51,0,3,4,0,2,0,5,11,12
1,55,0,3,2,0,3,0,2,3,3
0,61,1,3,3,1,4,0,3,3,0
0,68,0,3,2,0,2,0,4,1,0
1,30,0,3,2,0,2,0,2,0,0
0,30,1,3,4,0,1,0,5,1,0
1,31,1,3,3,1,2,0,4,6,2
1,33,0,2,1,0,3,0,3,0,0
1,26,0,4,3,0,1,1,2,14,16
1,54,0,3,1,0,2,0,5,1,0
1,53,0,2,1,0,2,0,1,0,0
1,39,1,1,3,0,4,0,4,0,2
1,39,1,4,3,1,1,0,4,15,13
1,22,1,2,3,0,3,0,3,1,0
0,30,1,2,2,0,3,0,4,2,2
0,19,0,3,2,0,2,0,3,3,3
1,36,1,2,4,1,2,0,4,0,1
0,57,1,2,2,0,2,0,3,0,0
0,66,0,3,4,0,2,0,2,0,0
0,26,0,3,3,1,2,0,4,0,0
1,23,1,3,1,0,1,0,2,7,9
1,45,0,3,2,0,2,0,3,1,1
0,29,1,3,1,0,1,0,3,0,0
0,57,1,3,3,0,1,0,3,3,1
0,51,0,3,3,0,2,0,4,14,14
0,67,0,3,3,0,2,0,3,15,12
0,65,0,3,3,0,2,0,3,2,7
0,51,0,5,4,0,2,0,5,0,0
0,27,1,1,3,0,2,0,3,0,0
0,19,1,2,3,0,2,0,5,0,1
0,33,0,3,3,0,2,0,2,16,9
0,55,0,3,1,0,2,0,4,0,0
0,52,1,2,3,0,2,0,4,0,0
0,30,1,2,3,0,2,0,3,2,2
1,48,0,3,2,0,2,0,2,0,0
0,23,1,3,3,0,1,1,4,23,27
1,52,0,2,2,0,3,0,4,2,2
1,48,0,3,3,0,2,0,3,3,2
1,32,1,2,3,0,3,0,4,3,0
1,65,0,2,2,0,2,0,3,0,1
1,48,0,3,2,0,2,0,2,0,0
1,25,0,3,2,0,2,0,3,4,1
0,56,1,3,3,0,1,0,4,1,2
1,23,0,3,1,0,3,0,3,1,0
0,36,0,5,2,1,1,1,3,20,11
1,37,0,2,4,1,2,0,4,0,0
1,63,0,3,2,0,3,0,4,4,6
1,32,0,3,3,1,2,0,4,0,0
1,64,0,3,3,0,2,0,3,0,0
0,44,1,3,3,1,2,0,3,14,16
0,62,0,3,2,0,2,0,4,0,0
1,39,1,3,3,0,1,0,4,0,0
1,37,1,3,2,0,1,0,3,0,0
0,41,1,5,4,1,1,0,3,0,0
0,65,0,3,4,0,2,0,3,5,10
0,48,0,3,4,0,3,0,2,1,0
0,55,0,2,3,0,2,0,4,3,7
0,43,0,3,2,0,1,0,3,0,0
1,48,0,2,2,0,3,0,3,0,0
1,38,0,2,1,0,2,0,3,0,0
0,57,1,1,3,0,3,0,3,1,2
1,32,0,3,2,0,2,0,2,2,2
1,46,0,3,2,0,2,0,3,16,16
1,49,0,3,3,0,1,0,3,0,0
1,54,0,3,2,0,1,0,4,0,0
0,64,0,3,3,0,2,0,3,0,0
0,59,0,3,2,0,1,0,4,0,0
0,66,0,3,2,0,2,0,4,4,5
0,27,0,1,3,0,1,0,2,9,17
1,54,0,1,2,0,4,0,4,0,0
0,24,1,2,4,0,2,0,3,5,0
1,48,0,5,3,0,1,0,5,1,0
0,22,1,3,3,0,2,0,4,1,0
1,37,1,1,1,1,3,0,4,4,4
0,56,0,2,4,1,2,0,4,4,6
1,22,1,5,4,1,1,1,5,31,31
1,31,0,3,3,1,2,0,4,2,0
0,57,0,2,4,1,2,0,3,0,0
0,22,1,3,3,0,2,0,4,2,0
1,59,0,3,2,0,2,0,2,1,0
1,37,0,3,2,0,2,0,4,0,0
0,50,0,3,3,0,2,0,4,1,1
1,21,1,3,3,0,2,0,3,0,0
0,48,1,3,3,0,1,0,3,0,0
0,27,0,3,3,0,2,0,3,1,16
0,39,0,4,3,0,2,0,3,0,0
0,63,0,3,3,0,2,0,4,0,0
0,61,0,3,3,1,1,0,4,0,0
0,66,0,3,3,0,2,0,3,0,0
1,52,0,2,3,0,2,0,3,0,0
0,61,1,3,3,0,2,0,3,0,0
1,29,0,3,3,0,2,0,2,0,0
1,19,0,3,1,0,1,0,4,0,0
0,41,1,3,4,0,1,0,3,0,0
0,25,0,3,2,0,1,0,2,0,0
0,62,0,3,2,1,2,0,2,7,2
1,25,0,4,2,0,2,0,4,0,0
1,34,0,3,1,1,4,0,1,0,0
1,35,1,2,1,1,2,0,5,0,1
0,33,0,2,2,0,3,0,1,0,0
0,64,0,3,2,0,1,0,4,0,0
0,33,1,3,2,0,1,0,1,0,0
0,58,0,3,4,0,2,0,4,2,2
0,57,0,3,3,0,2,0,4,0,0
1,38,0,3,3,0,1,0,3,0,0
0,53,0,3,4,0,2,0,4,0,0
1,34,1,3,2,0,3,0,3,2,2
0,34,0,3,3,0,2,0,4,0,2
0,45,1,3,4,0,1,1,3,4,0
1,24,1,4,2,0,2,0,3,0,0
0,32,1,2,4,0,3,0,5,1,2
0,27,1,1,3,0,2,0,1,0,0
1,30,0,2,2,1,2,0,2,0,0
0,52,0,4,4,0,1,0,5,0,2
1,57,0,3,2,0,2,0,3,0,0
0,66,0,2,4,0,3,0,3,0,2
0,29,1,1,4,0,1,0,4,0,0
1,31,0,3,2,1,2,0,3,0,1
1,64,1,4,3,1,1,1,4,25,22
0,60,0,4,2,0,1,0,5,0,0
0,55,1,3,3,0,1,0,4,8,6
0,33,0,1,4,0,2,0,4,3,5
0,65,0,3,2,0,2,0,5,4,3
1,55,1,3,2,1,2,0,4,0,0
1,32,1,2,3,1,2,0,4,0,0
0,65,0,3,2,0,2,0,4,0,0
0,52,0,2,2,1,3,0,3,0,0
1,42,0,2,1,1,2,0,5,0,0
0,62,0,1,3,0,3,1,1,0,0
1,53,1,3,3,0,2,0,4,0,0
0,35,1,5,4,1,1,0,5,30,32
1,32,1,3,3,0,2,0,3,24,24
1,69,0,3,1,0,4,0,1,0,0
1,23,0,3,1,0,1,0,4,0,0
1,33,0,1,3,0,4,0,3,0,0
0,46,1,2,3,1,2,0,3,4,0
1,22,1,3,2,0,2,0,3,1,1
0,55,1,5,4,0,1,0,4,20,0
0,61,0,3,3,0,2,0,3,1,0
0,59,0,2,4,0,3,0,2,15,9
0,64,0,3,4,0,2,0,5,4,10
1,39,0,2,2,1,3,0,1,0,0
1,42,1,4,2,0,1,0,4,0,3
1,25,1,2,2,0,2,0,3,0,1
0,23,1,3,4,1,1,0,4,0,0
0,44,0,2,4,0,2,0,3,1,1
0,55,0,2,2,0,1,0,3,0,0
0,50,1,3,4,0,1,0,4,0,0
0,67,0,3,3,0,2,0,3,0,0
0,54,0,2,4,1,2,0,3,1,3
0,68,1,3,3,0,1,0,2,0,0
0,35,0,2,3,0,2,0,4,0,0
0,69,0,3,3,0,2,0,3,0,0
1,42,0,1,1,0,3,0,3,0,0
1,37,0,2,1,0,2,0,3,0,0
1,29,0,2,1,0,2,0,2,0,0
0,52,0,2,4,1,3,0,3,9,14
1,61,0,2,4,0,2,0,5,0,0
1,39,1,3,3,1,2,0,3,0,3
1,30,0,2,3,1,2,0,2,3,0
0,27,1,1,4,0,1,0,4,0,26
1,31,1,3,3,1,2,0,5,15,18
1,49,1,4,2,1,2,0,2,0,0
0,64,0,3,3,0,2,0,3,0,0
1,49,1,3,2,0,1,0,4,0,1
0,32,1,3,2,0,2,0,3,16,16
0,56,0,2,1,0,2,0,3,0,0
0,61,0,2,4,0,2,0,5,0,0
1,19,1,3,3,0,1,0,4,6,10
1,37,1,2,3,0,1,0,4,0,0
0,63,0,2,2,0,3,0,3,0,0
1,53,0,3,3,0,1,0,2,0,0
1,22,0,4,3,0,2,0,3,16,16
0,39,0,4,3,0,2,0,2,1,0
0,28,1,3,2,0,3,0,3,0,0
1,41,1,3,2,1,2,0,3,1,1
0,57,0,3,2,0,4,0,3,3,2
0,30,0,2,3,0,1,0,3,18,12
1,20,1,2,2,0,2,0,2,5,2
1,37,0,2,4,0,2,0,3,1,0
0,29,0,1,2,1,1,0,4,0,0
1,29,0,2,2,0,2,0,5,4,2
0,45,0,3,3,0,2,0,5,0,0
0,52,0,3,1,0,3,0,1,0,0
0,65,0,2,3,0,2,0,2,5,7
1,66,0,3,3,0,2,0,4,0,0
0,22,1,5,4,0,2,0,2,3,1
0,54,0,3,1,0,3,0,2,0,0
0,58,0,3,3,0,2,0,3,0,1
1,30,1,2,3,0,3,0,2,8,10
1,37,0,5,2,0,1,0,4,0,0
1,29,0,3,3,0,2,0,2,16,18
0,41,1,3,3,0,2,0,3,3,2
0,54,1,4,3,0,1,0,3,0,0
1,32,1,3,2,0,1,0,3,16,0
1,68,0,3,3,0,2,0,2,3,3
0,57,1,2,2,0,2,0,3,0,0
0,65,0,3,3,0,3,0,5,0,0
0,65,0,3,2,0,3,0,3,0,0
0,50,0,3,3,0,2,0,3,0,0
0,51,1,2,3,0,3,0,3,8,8
0,48,1,3,3,0,1,0,3,0,0
0,59,1,3,3,0,2,0,3,0,0
1,62,1,3,3,0,3,0,5,0,0
1,26,1,3,2,0,1,0,3,4,2
1,43,1,3,4,0,2,0,3,4,4
0,63,0,3,2,0,2,0,4,0,0
0,52,0,1,1,0,3,0,1,0,0
0,62,0,3,3,0,1,0,5,0,0
0,50,0,3,3,0,2,0,4,0,0
1,63,0,3,3,0,3,0,4,6,6
0,29,1,3,3,0,3,0,3,0,0
1,21,1,3,3,0,1,0,3,0,2
1,27,0,3,2,1,1,0,2,0,0
1,60,0,1,1,0,4,0,5,0,0
1,39,1,3,4,0,1,0,4,0,0
1,45,0,2,2,0,2,0,2,3,2
1,29,0,3,3,0,3,0,3,1,0
0,59,0,3,2,0,1,0,3,3,3
1,59,0,3,2,0,2,0,5,0,0
0,60,0,3,2,0,3,0,3,0,0
1,67,0,3,4,0,1,0,4,4,4
1,48,0,3,3,0,2,0,4,0,0
1,35,0,2,1,1,1,0,5,3,0
1,35,0,4,4,1,1,0,4,0,0
0,54,0,3,2,0,2,0,2,0,0
1,66,0,3,2,0,3,0,4,0,0
1,47,1,2,2,0,2,0,1,0,0
1,27,0,1,2,0,3,0,2,13,13
1,33,1,3,2,0,1,1,4,0,0
1,62,1,3,2,1,2,0,4,3,1
1,35,1,2,2,1,2,0,3,0,0
0,33,0,3,2,0,2,0,3,0,2
0,51,1,4,3,0,2,0,3,0,4
1,51,0,3,1,0,1,0,3,0,1
0,58,0,2,4,0,2,0,3,2,0
1,21,1,3,2,0,3,0,2,2,2
0,56,0,3,4,0,2,0,3,2,5
1,24,1,2,1,0,2,0,2,0,0
1,43,0,3,4,1,2,1,3,15,18
0,50,1,3,3,0,2,0,4,0,0
1,55,1,3,3,0,1,0,3,0,0
0,28,0,3,3,0,2,0,3,11,7
1,54,0,2,2,1,2,0,4,0,0
1,38,0,4,1,0,1,0,2,9,8
1,42,0,3,2,0,2,0,1,0,0
0,27,0,3,2,0,3,0,2,0,0
0,61,0,3,2,0,1,0,4,0,0
0,27,1,3,2,0,2,0,3,17,17
1,41,1,3,3,0,1,0,4,0,0
0,67,0,3,3,0,1,0,5,0,0
0,52,1,2,2,0,3,0,5,0,1
0,27,0,3,1,1,2,0,3,0,0
0,68,0,3,3,0,2,0,3,8,8
1,28,0,1,2,1,3,0,4,0,0
0,32,1,5,3,0,2,0,2,22,21
1,56,0,1,4,0,4,0,5,2,2
0,52,0,3,2,0,2,0,4,0,0
1,53,0,3,3,0,2,0,3,2,1
1,25,1,2,3,0,2,0,4,0,0
0,64,0,3,4,0,2,0,4,3,5
0,45,1,2,3,1,3,0,5,0,0
1,42,1,3,3,1,1,0,4,0,0
1,36,0,4,4,0,2,0,5,3,2
1,47,0,3,3,0,3,0,1,2,3
0,27,1,3,4,0,2,0,4,0,0
1,55,0,2,1,0,3,0,3,0,0
0,50,0,3,3,0,2,0,4,4,4
0,68,0,2,2,0,2,0,3,0,0
0,22,1,3,3,1,2,0,4,3,3
0,66,1,3,3,0,1,0,3,0,0
0,56,0,3,2,0,2,0,3,0,0
1,25,0,3,2,0,2,0,5,3,4
1,22,1,3,3,0,2,0,4,3,5
0,58,1,3,3,0,1,0,5,3,10
0,50,0,1,4,0,3,0,5,10,12
1,49,0,2,1,0,2,0,3,0,0
0,63,1,2,2,0,2,0,2,0,0
1,40,0,3,3,1,2,0,3,0,0
0,65,0,3,2,0,2,0,3,0,1
1,66,0,3,3,1,1,0,4,0,0
0,69,0,3,2,0,2,0,3,2,3
1,24,1,3,2,0,3,0,4,0,0
1,21,1,2,2,0,2,0,4,2,1
1,68,0,3,2,0,1,0,3,0,0
1,24,1,4,3,1,1,1,4,20,21
1,43,0,1,2,0,2,0,2,0,0
1,26,1,2,3,0,2,0,2,0,14
1,49,0,3,1,0,2,0,2,0,0
1,30,0,3,2,1,2,1,2,10,8
0,38,1,3,3,1,1,0,4,0,0
1,29,0,1,2,0,3,0,2,0,0
0,20,1,3,4,0,2,0,2,8,9
1,47,0,3,3,0,2,0,2,1,0
0,62,1,2,4,0,3,0,4,0,0
0,62,1,4,3,0,1,0,3,2,1
1,61,0,2,1,0,4,0,5,2,1
1,40,1,1,3,0,2,0,2,5,3
0,27,1,3,4,0,1,0,4,16,16
1,33,1,3,3,1,2,0,2,2,3
1,38,0,2,2,1,3,0,2,1,1
0,29,1,3,3,0,2,0,4,1,0
0,61,0,3,3,0,2,0,5,1,2
1,57,0,2,3,1,3,0,2,2,7
0,59,1,3,4,1,2,0,5,0,0
1,39,0,3,2,1,2,0,4,2,1
0,63,0,3,1,0,4,0,5,0,0
1,36,0,2,4,1,3,0,5,22,6
0,50,1,3,3,0,2,0,3,1,1
1,42,0,3,3,0,3,0,1,1,1
1,44,0,2,4,1,2,0,4,0,0
0,68,1,3,4,0,1,0,4,1,0
1,58,0,3,2,0,2,0,4,4,2
1,57,0,3,3,0,1,0,2,0,0
0,57,0,3,4,0,2,0,2,0,0
0,35,1,3,4,0,3,0,2,2,0
1,31,1,3,2,0,1,0,4,1,1
0,63,0,3,2,0,2,0,3,0,0
1,29,0,3,2,1,2,0,2,0,0
0,50,0,3,3,0,2,0,4,3,0
1,44,0,2,3,0,3,0,4,2,3
1,36,0,3,1,0,3,0,1,0,1
1,54,0,3,1,0,2,0,4,0,0
1,45,0,3,2,0,2,0,5,0,0
0,58,1,3,3,0,1,0,3,1,3
0,50,1,3,3,1,2,0,3,0,0
0,56,1,3,4,0,1,0,4,5,5
1,27,0,3,2,0,3,0,4,3,1
1,32,0,3,3,1,1,0,5,0,0
1,23,0,1,2,0,4,0,2,0,0
1,35,0,2,2,1,2,0,3,1,2
1,28,0,3,1,1,1,0,3,0,0
0,45,1,3,3,1,1,0,3,2,4
0,24,1,2,3,0,1,0,4,1,1
1,60,0,3,3,0,2,0,4,3,2
1,36,1,3,3,1,1,0,3,9,1
0,36,0,3,1,0,2,0,3,0,0
0,64,0,1,3,0,4,0,1,0,0
0,57,1,3,4,0,2,0,4,0,0
0,37,0,4,2,0,2,0,3,1,0
1,35,0,3,2,0,1,1,3,6,3
0,36,0,5,4,1,2,1,4,28,27
0,22,0,2,3,0,2,0,3,11,17
1,36,0,2,1,0,3,0,2,0,0
1,20,1,2,2,0,3,0,3,0,0
1,23,0,3,2,0,2,0,3,3,3
1,58,0,3,2,0,2,0,3,0,0
0,30,0,3,2,0,2,0,3,1,0
0,42,1,3,3,0,1,0,3,0,0
0,51,0,3,4,0,2,0,4,3,2
0,61,1,3,3,1,1,0,4,5,11
0,22,1,3,3,0,2,0,3,1,1
0,67,0,3,4,0,1,0,4,0,0
0,42,1,3,3,0,1,0,3,11,11
1,21,0,3,2,0,3,0,3,14,18
0,55,0,2,3,0,1,0,4,0,2
0,58,0,3,1,0,2,0,3,0,0
0,29,1,2,2,0,1,0,4,1,10
0,63,1,3,3,0,2,0,4,0,1
1,39,1,2,3,1,2,0,3,4,5
0,56,0,2,2,0,3,0,1,0,1
0,59,1,3,4,0,1,0,4,0,0
0,59,1,3,1,0,2,0,3,0,0
0,26,1,3,3,0,1,0,5,0,0
1,45,1,3,3,0,1,0,4,0,0
1,33,0,3,2,1,2,0,1,0,0
1,41,1,3,3,1,2,0,3,3,4
1,40,1,4,3,0,1,0,3,0,0
1,18,1,3,2,1,2,0,4,10,8
0,58,0,3,3,0,1,0,4,0,0
0,42,1,2,3,0,1,0,3,0,0
0,28,1,3,3,0,2,0,2,0,0
1,62,0,2,3,0,3,0,3,5,2
1,23,1,3,1,0,2,0,4,0,0
1,46,0,1,1,0,3,0,5,0,0
0,67,0,3,3,0,2,0,4,0,0
0,22,0,2,4,0,2,0,2,4,3
1,51,1,3,2,0,1,0,3,3,6
0,22,1,3,1,0,2,0,3,1,0
0,24,0,2,4,0,2,0,1,2,1
0,24,1,2,2,0,2,0,2,0,0
0,58,0,4,2,0,1,0,4,3,3
1,43,1,2,4,0,2,0,4,7,10
1,22,1,2,2,0,1,0,1,0,0
1,53,0,3,3,0,2,0,2,0,0
0,61,0,3,4,0,2,0,4,8,4
0,57,0,3,3,0,2,0,3,2,2
0,54,1,3,2,0,1,0,4,0,0
0,51,1,3,2,0,2,0,3,0,0
0,41,0,3,2,0,2,0,3,0,0
0,52,0,3,2,0,2,0,3,0,0
0,50,0,3,3,0,2,0,3,0,0
0,52,1,3,4,0,1,0,4,18,10
1,51,0,3,3,0,1,0,4,3,3
0,66,1,3,3,0,2,0,4,0,0
0,45,1,3,3,0,2,0,3,0,0
0,24,1,3,2,0,2,1,3,1,0
1,27,0,2,1,0,4,1,4,4,1
0,56,1,2,4,0,3,0,4,3,3
0,60,0,3,2,0,3,0,4,0,0
0,20,1,3,1,0,2,0,3,0,0
0,62,0,3,3,0,2,0,3,0,0
0,37,1,3,4,0,1,0,3,16,16
1,22,0,1,1,0,3,0,2,0,1
1,35,1,2,2,1,2,0,3,0,0
0,39,0,2,3,0,3,0,1,0,0
1,44,1,3,2,0,2,0,3,0,4
1,37,0,3,3,1,2,1,3,18,10
1,25,0,2,1,1,3,0,4,0,0
1,32,0,3,3,1,4,0,3,18,20
0,61,0,3,3,1,2,0,5,1,3
1,49,1,2,4,0,1,0,5,3,7
1,29,1,2,3,1,2,0,3,0,0
0,64,0,3,4,0,3,0,4,11,11
1,39,0,3,1,0,2,0,3,0,1
0,55,0,3,3,0,2,0,3,0,0
0,18,0,2,4,0,1,0,1,17,17
0,32,0,3,2,0,2,1,3,0,0
0,18,0,3,2,0,2,0,3,0,0
1,46,0,2,2,0,1,0,4,0,1
0,30,0,2,3,0,3,0,4,0,1
0,60,0,1,3,0,2,0,5,21,20
1,19,1,3,3,0,1,0,3,2,4
1,49,0,4,3,1,2,0,3,12,0
1,20,1,3,2,0,1,0,2,5,5
0,42,1,3,4,1,1,0,4,2,2
0,58,1,2,4,0,3,0,2,0,0
0,62,0,2,3,0,3,0,3,0,0
1,26,1,2,2,0,2,0,2,0,0
0,35,0,3,3,1,1,0,4,16,13
1,39,0,3,2,1,2,0,2,0,0
0,62,0,3,2,0,1,0,4,0,0
1,48,0,2,1,0,2,0,5,0,0
1,33,0,2,2,1,2,0,4,0,0
1,40,0,3,2,0,1,0,2,0,0
1,25,1,3,3,0,1,0,4,5,8
0,21,1,2,3,1,2,1,4,20,22
0,55,0,2,2,0,2,0,3,2,0
0,54,1,3,4,0,2,0,3,9,11
0,26,1,5,4,0,2,0,2,8,8
1,40,0,2,2,0,2,0,1,0,0
0,63,1,3,3,0,2,0,3,0,1
0,38,0,1,2,0,3,0,1,0,0
1,30,1,2,3,0,3,0,3,0,2
0,54,0,3,3,0,2,0,4,7,4
0,57,0,2,2,0,1,0,4,2,0
1,39,0,2,3,0,3,0,5,1,0
0,35,1,5,4,0,1,0,3,19,19
0,54,0,2,4,0,2,0,4,12,7
0,29,1,2,2,1,1,1,3,11,9
0,25,1,2,4,0,1,0,4,4,6
1,41,1,3,3,1,2,0,4,12,5
0,43,0,2,2,0,2,0,2,4,0
1,22,1,3,2,0,2,0,3,0,0
1,43,0,3,1,0,3,0,3,16,17
1,38,0,3,3,0,2,0,2,0,2
0,35,1,3,3,1,2,0,3,3,0
1,47,0,3,2,0,1,0,1,0,0
1,34,1,2,4,0,2,0,3,4,10
0,55,0,3,4,0,2,0,4,0,0
0,62,0,3,2,1,2,0,4,2,1
0,53,1,1,3,0,4,0,3,1,0
0,62,0,3,2,0,1,0,3,0,0
1,39,1,2,3,1,2,0,3,2,2
0,56,1,3,4,0,1,0,5,0,0
1,32,1,3,2,0,2,0,3,1,1
0,35,0,2,3,0,2,0,3,14,10
1,54,1,3,2,0,2,0,3,0,2
0,22,1,4,4,0,2,0,3,6,3
0,46,0,3,1,1,3,0,3,0,0
0,42,1,2,3,0,1,0,4,20,2
0,51,1,3,3,0,2,0,4,0,0
0,44,1,3,3,0,1,0,5,0,0
1,33,1,2,3,0,2,0,4,1,2
1,59,0,3,2,0,2,0,2,0,0
1,37,0,3,2,1,3,0,3,4,5
0,37,0,3,2,0,2,0,2,1,0
0,28,0,3,2,0,2,0,4,18,13
1,39,1,1,3,0,1,0,2,13,16
0,35,0,3,2,0,2,0,4,0,0
0,59,1,3,4,0,2,0,4,10,11
0,69,1,3,3,0,1,0,4,0,0
0,25,0,2,3,1,2,1,4,19,17
1,63,0,3,3,1,2,0,4,1,0
0,56,1,2,3,0,1,0,3,3,5
0,69,0,3,3,0,2,0,4,0,0
1,45,0,3,1,0,2,0,2,0,0
0,55,0,3,2,0,2,0,5,0,0
0,26,0,3,2,0,1,0,4,0,0
0,63,0,5,4,0,1,0,3,28,11
0,59,1,3,3,0,2,0,2,2,2
0,56,1,3,3,0,2,0,3,0,2
1,67,0,3,3,0,2,0,2,0,0
0,62,0,3,2,0,2,0,4,0,0
0,44,1,2,2,0,2,0,2,2,3
1,62,0,3,2,0,2,0,3,0,0
0,61,0,3,3,0,2,0,4,0,0
1,54,0,2,2,0,3,0,4,0,0
1,23,1,3,4,0,1,0,5,23,5
0,52,0,2,2,0,2,0,4,0,2
0,61,0,2,2,0,3,0,3,0,0
0,23,1,2,3,0,2,0,3,0,0
0,37,0,3,3,0,2,0,3,0,0
0,64,1,2,3,0,3,0,3,2,1
0,51,1,3,4,1,2,0,5,10,11
0,66,0,3,4,0,2,0,4,2,0
1,29,0,2,2,0,2,0,2,0,1
1,52,1,1,3,0,1,0,4,5,4
1,23,1,1,3,0,3,0,4,6,0
0,67,0,3,2,0,1,0,5,1,0
1,56,0,2,3,0,4,0,2,0,0
1,35,0,3,3,1,2,0,5,0,0
1,32,0,2,2,1,3,0,3,2,1
0,36,0,3,3,0,2,0,1,4,1
0,68,0,3,4,0,1,0,5,0,0
0,58,1,4,1,0,2,0,2,1,1
1,34,1,1,3,0,3,0,3,6,9
0,58,1,3,3,0,2,0,3,0,0
0,66,0,3,3,0,2,0,1,11,7
0,57,0,3,3,0,3,0,2,0,0
0,68,0,3,3,0,2,0,3,0,0
1,25,1,2,1,0,2,0,3,0,0
1,47,0,3,1,0,2,0,4,0,1
1,21,0,3,2,0,1,0,3,1,1
0,46,0,1,3,0,3,0,1,1,1
0,59,0,3,3,0,2,0,4,0,0
1,46,0,1,4,1,3,0,3,7,0
1,50,0,3,3,0,1,0,3,0,0
0,59,0,3,2,0,2,0,5,0,0
0,49,1,3,3,0,2,0,4,16,17
1,48,0,3,2,0,2,0,2,0,0
1,56,1,2,3,0,2,0,4,0,3
1,39,1,3,4,0,2,0,3,16,16
1,56,1,2,2,0,1,0,3,0,0
0,25,1,4,2,0,1,0,4,2,1
1,34,0,3,2,1,2,0,4,0,0
1,53,0,3,4,0,2,0,2,0,0
1,22,0,2,2,0,2,0,2,1,0
1,32,0,4,2,1,3,0,3,15,14
0,28,0,3,4,0,1,0,4,0,0
1,60,0,3,3,0,1,0,4,0,1
0,69,0,3,3,0,1,0,4,0,2
0,68,0,2,1,0,2,0,3,0,0
0,50,0,3,3,0,2,0,4,0,0
1,51,0,3,2,0,1,0,3,0,1
1,19,1,2,2,0,2,0,4,15,15
0,57,0,3,3,0,2,0,4,1,1
1,29,0,2,3,0,3,0,2,0,0
1,47,1,3,1,0,2,0,4,0,0
1,34,0,2,3,1,2,0,2,0,0
0,30,0,3,2,0,1,0,1,0,0
0,69,0,3,3,0,2,0,3,0,0
0,53,1,3,2,0,1,0,4,0,0
1,61,1,2,4,0,2,0,4,0,0
1,33,1,2,3,0,2,1,3,23,23
1,34,0,2,2,0,3,0,2,0,0
0,58,0,3,4,1,2,0,3,5,4
0,33,1,3,3,0,4,0,3,2,1
0,52,1,3,3,1,1,0,4,0,0
0,56,1,3,2,0,2,0,2,0,1
1,53,0,3,1,0,2,0,4,0,0
0,29,1,3,1,0,2,0,1,0,0
1,46,0,3,3,0,2,0,4,0,0
1,39,0,2,2,1,3,0,3,1,0
0,38,0,3,1,0,1,0,1,0,0
1,40,1,2,2,0,2,0,5,9,0
1,66,0,3,3,0,3,0,3,0,2
1,65,1,3,3,0,2,0,5,2,2
0,41,0,2,3,1,2,0,5,0,0
1,40,1,2,2,1,1,0,3,4,2
1,46,0,2,4,0,3,0,5,0,0
1,39,0,1,1,0,3,0,4,0,0
0,32,0,4,2,0,1,0,3,0,0
1,38,0,3,1,1,2,0,3,2,4
0,61,0,3,4,0,1,0,5,0,0
0,25,0,3,4,0,2,0,4,1,1
1,40,0,2,1,0,1,0,4,12,9
0,62,0,3,4,0,3,0,3,4,4
1,58,0,3,4,1,2,0,5,0,0
0,20,1,3,2,0,1,0,4,0,0
1,32,1,2,2,0,2,0,3,4,6
0,60,1,4,3,0,1,0,4,2,1
1,46,0,2,2,0,2,0,3,0,0
1,66,0,1,3,0,3,0,2,2,2
1,33,1,2,3,0,1,0,3,0,0
1,34,1,3,3,0,2,0,3,0,0
0,37,0,2,2,0,2,0,3,0,0
0,53,1,4,4,0,1,0,5,7,10
0,55,0,3,3,0,3,0,5,0,0
0,58,0,3,4,0,2,0,4,17,3
0,52,0,3,1,0,1,1,5,1,0
0,66,0,3,4,0,2,0,4,0,0
1,56,1,3,3,0,2,0,3,2,2
0,52,1,3,3,0,2,0,5,0,0
0,58,0,2,3,0,3,0,5,0,0
0,66,0,3,3,0,2,0,3,0,0
1,27,0,1,2,0,3,0,1,0,3
1,31,0,1,3,1,2,0,4,2,2
1,41,1,3,2,1,1,0,4,0,0
1,48,1,1,4,0,3,0,3,5,2
0,46,0,3,3,0,2,0,1,6,4
0,56,0,3,2,0,2,0,3,0,0
1,43,0,2,2,0,2,0,4,0,0
1,20,1,4,4,0,2,0,3,16,16
0,60,0,1,1,0,3,0,4,0,0
0,35,0,3,1,0,2,0,4,0,0
1,44,1,3,3,1,2,0,2,1,3
1,38,0,2,2,0,3,0,3,0,0
0,62,0,2,3,0,3,0,4,0,0
0,67,0,3,4,0,2,0,4,0,0
1,37,1,3,2,0,1,0,3,0,0
1,56,0,3,1,0,1,0,5,0,0
1,52,0,3,3,0,2,0,4,0,0
0,65,0,3,4,0,3,0,3,3,3
1,20,0,3,1,0,2,0,5,0,0
1,51,0,3,3,0,1,0,4,0,0
0,27,1,2,2,0,2,0,5,0,0
1,36,0,3,2,1,4,0,4,2,2
0,40,1,3,3,0,2,1,4,0,2
1,58,1,3,2,0,1,0,3,1,2
1,59,0,3,2,0,2,0,3,0,0
0,60,0,3,1,0,4,0,3,0,0
1,34,0,4,1,1,1,0,4,0,0
0,29,0,4,3,0,1,1,2,16,15
0,68,0,3,3,0,2,0,3,0,0
1,58,0,2,2,0,2,0,1,0,4
1,43,1,1,4,1,2,0,5,19,21
1,31,0,3,2,1,2,0,3,1,2
0,64,0,4,1,0,1,0,3,12,20
0,65,0,3,2,0,3,0,3,0,0
1,49,0,3,3,1,2,0,2,0,0
0,20,1,3,2,1,1,0,4,0,2
0,50,1,3,3,0,1,0,2,0,2
1,19,1,2,1,1,1,0,3,12,8
0,57,0,3,4,0,1,0,3,1,1
1,62,0,2,3,0,2,0,5,0,0
0,62,0,3,4,0,1,0,5,0,0
1,47,1,1,3,0,3,0,5,2,2
1,27,1,3,3,1,2,0,3,2,1
1,23,0,2,1,0,3,0,3,1,3
1,20,0,2,2,0,2,0,2,1,4
0,58,1,3,3,0,2,0,2,0,0
1,44,1,2,3,1,2,0,4,0,0
0,31,1,1,3,1,1,1,3,28,27
1,40,1,3,3,0,1,0,3,1,0
1,25,1,4,3,0,2,0,3,8,16
1,52,0,3,3,0,2,0,4,0,0
1,48,0,3,3,1,3,0,3,0,0
0,55,0,2,4,0,3,0,5,7,13
1,31,0,3,2,1,2,0,3,0,0
0,55,0,2,3,0,3,0,5,0,0
0,58,0,3,3,1,1,0,4,1,4
1,68,0,3,3,0,2,0,4,0,0
0,65,0,3,3,0,1,0,3,0,0
0,57,1,3,3,0,1,0,3,0,0
1,44,0,3,3,0,1,0,5,0,0
1,24,1,2,2,0,2,1,2,15,17
0,62,0,3,3,0,2,0,4,0,0
0,59,0,3,4,0,2,0,5,0,0
1,52,0,3,3,0,2,0,4,0,0
0,39,0,3,2,0,4,0,2,0,1
0,67,0,5,3,0,1,0,4,0,0
0,36,1,3,3,0,1,0,4,0,0
1,57,0,2,1,0,2,0,1,0,0
1,65,0,3,3,0,1,0,5,0,4
0,35,0,1,3,0,3,0,3,0,0
1,58,1,3,4,0,1,0,5,4,3
0,51,0,4,1,0,1,0,4,0,0
1,34,1,5,4,1,1,0,4,27,29
0,29,0,5,2,0,2,0,2,16,1
0,52,0,3,2,0,2,0,2,3,4
0,69,0,3,4,0,2,0,3,2,2
0,42,1,4,4,1,1,0,3,19,17
0,61,0,2,4,0,3,0,3,2,3
1,55,1,3,4,0,2,0,4,3,3
1,67,1,2,2,1,3,0,3,0,0
1,28,0,1,3,0,3,0,3,16,16
0,59,1,3,3,0,1,0,4,0,0
0,32,0,3,2,0,1,0,2,1,0
0,67,0,3,4,0,2,0,3,0,0
0,24,1,3,3,1,1,1,3,19,22
0,65,1,3,4,0,2,0,1,0,0
0,65,0,3,3,0,2,0,4,0,0
1,53,1,2,3,0,1,0,4,0,0
0,51,0,3,4,0,2,0,4,2,2
0,35,0,2,3,0,4,0,1,6,6
0,57,0,2,2,0,2,0,3,0,0
1,28,1,2,3,0,2,1,4,0,0
0,47,1,3,3,0,2,0,4,12,11
1,50,0,3,2,0,2,0,1,0,0
0,30,1,4,3,1,2,0,2,2,1
0,36,0,1,1,0,4,0,3,0,0
0,24,0,3,3,0,2,0,4,0,0
1,19,1,4,2,1,2,0,3,0,0
0,54,0,3,1,0,2,0,3,0,0
0,29,1,2,2,1,1,0,3,12,8
0,68,0,3,3,0,2,0,3,0,0
1,46,0,3,2,0,2,0,4,0,0
0,58,0,3,3,0,2,0,3,7,3
0,35,0,5,2,0,1,0,3,16,14
1,30,1,3,2,0,2,1,3,0,0
0,59,0,4,4,0,1,0,4,0,0
0,48,0,2,2,0,4,0,2,0,1
1,66,1,3,4,0,2,0,4,3,4
1,29,0,3,2,1,2,0,3,0,1
1,36,1,3,2,0,2,0,1,3,4
0,56,0,2,2,0,2,0,2,0,0
1,35,1,3,3,0,2,0,3,17,17
0,60,0,3,2,0,2,0,1,0,0
1,32,1,2,2,0,2,0,3,1,0
0,28,0,3,3,1,2,0,3,12,15
1,51,0,2,1,0,2,0,1,0,0
0,38,0,1,3,1,3,0,5,0,0
0,57,0,3,2,0,1,0,4,1,1
1,28,0,2,2,1,2,0,2,0,0
0,60,0,3,4,0,1,0,5,0,0
0,53,0,4,4,0,2,0,5,0,0
0,52,0,2,3,0,3,0,3,1,1
1,25,0,3,2,0,3,0,3,0,1
1,44,0,3,3,0,2,0,1,6,0
1,53,0,3,2,0,2,0,5,0,0
1,54,1,2,3,0,2,0,4,2,2
1,38,0,3,1,1,2,0,5,1,2
0,56,0,3,3,0,2,0,4,0,2
0,59,1,3,3,0,2,0,4,0,0
0,48,1,2,3,1,3,0,2,1,1
1,65,0,3,3,0,2,0,4,1,0
1,54,0,3,2,0,3,0,4,0,0
1,63,1,3,2,0,2,0,4,0,0
0,54,0,2,2,0,2,0,4,0,0
0,23,1,1,2,0,3,0,4,3,3
0,67,0,3,3,0,2,0,4,0,0
0,68,1,3,3,1,1,0,4,0,0
1,50,0,2,2,0,1,0,2,0,0
0,35,1,2,3,1,2,0,3,0,0
1,58,0,2,2,0,2,0,4,0,0
1,29,1,3,3,0,1,0,3,0,0
0,67,0,3,3,0,3,0,2,0,0
0,62,0,3,3,0,3,0,4,10,2
1,52,1,3,3,1,2,0,3,1,2
1,32,0,3,1,0,2,0,3,0,0
0,23,0,3,3,0,3,0,3,25,29
0,66,0,3,4,0,2,0,5,0,0
0,64,0,5,3,0,2,0,3,0,0
0,18,1,2,2,0,2,0,4,9,2
1,44,1,2,3,1,1,0,4,0,0
0,59,0,3,2,0,2,0,3,0,0
1,26,1,1,3,0,3,0,4,1,4
1,18,1,3,2,0,1,0,3,1,1
1,38,0,3,2,0,2,0,3,2,2
1,33,1,2,2,1,2,0,2,0,0
0,61,1,3,3,0,2,0,3,1,1
0,28,1,2,4,0,2,0,4,3,13
1,33,0,2,2,0,2,0,3,0,0
0,56,0,3,3,1,2,0,3,0,0
1,44,0,3,4,1,2,0,4,2,4
0,32,0,3,3,1,2,0,3,19,19
1,45,1,3,3,1,1,0,3,0,0
1,36,0,2,3,1,2,0,4,1,0
0,29,1,3,4,0,1,0,5,0,0
0,58,0,3,3,0,1,0,3,0,0
0,59,0,2,2,0,3,0,2,7,6
1,40,0,2,3,0,3,0,3,0,0
1,69,1,3,4,0,4,0,3,0,0
0,22,0,3,2,1,1,0,4,15,17
1,20,1,2,2,0,1,0,2,0,0
0,54,0,3,4,0,1,0,4,1,2
0,55,0,1,3,0,3,0,5,0,0
1,67,0,2,3,0,3,0,3,0,0
1,20,1,3,2,0,2,0,3,4,4
1,18,1,3,2,1,2,0,3,14,13
0,26,0,2,3,0,2,0,3,2,2
0,26,1,3,2,0,2,0,3,17,18
1,60,0,3,3,0,2,0,2,0,0
1,29,0,3,3,0,1,0,4,2,4
1,26,0,3,2,0,2,0,3,0,0
0,56,0,2,4,0,1,0,5,0,0
0,60,0,3,3,0,2,0,4,0,0
0,55,0,2,3,0,2,0,4,2,0
1,31,1,3,2,0,2,0,4,0,0
0,27,1,3,4,0,2,0,3,1,8
0,38,0,3,2,0,4,0,3,0,0
0,28,0,1,2,0,3,0,3,12,13
1,24,1,2,3,0,1,0,2,5,6
1,26,1,3,3,0,1,0,4,7,0
0,20,0,2,1,0,2,0,3,0,0
1,57,1,2,4,0,3,0,3,8,7
1,24,1,2,3,0,2,0,2,3,5
0,65,0,3,4,0,3,0,3,25,25
0,48,0,2,2,1,3,0,4,4,4
1,50,0,2,2,0,3,0,1,0,2
1,39,1,2,2,1,2,0,4,1,2
1,69,0,3,4,0,2,0,4,0,0
1,38,0,3,2,0,1,0,3,0,2
1,52,1,3,4,0,2,0,5,3,4
1,19,0,1,3,0,2,0,3,0,0
0,30,0,3,3,0,2,1,3,14,14
1,55,1,3,4,0,1,1,4,0,0
1,38,0,2,4,0,2,0,2,3,3
0,19,0,3,3,0,2,0,3,0,4
1,42,1,1,2,0,3,0,4,6,6
0,66,1,3,3,0,1,0,5,0,0
1,24,1,3,3,0,2,0,2,2,2
1,42,0,4,2,0,2,0,3,17,4
1,35,0,2,3,1,3,0,2,0,0
0,68,0,2,2,0,3,0,4,0,0
0,42,0,2,3,1,2,0,4,1,0
1,43,0,3,2,0,2,0,4,0,0
1,53,0,3,3,0,3,0,3,4,2
0,63,1,3,4,0,2,0,2,0,6
0,21,1,1,3,0,2,0,4,0,0
1,29,0,3,3,0,2,0,2,4,4
0,32,0,3,3,0,1,0,4,0,0
0,26,1,2,3,0,3,0,2,0,2
0,30,0,3,4,1,1,0,5,1,0
1,34,0,2,3,0,2,0,3,0,0
1,63,0,2,3,0,3,0,4,4,0
1,25,1,3,2,0,2,0,2,0,0
1,37,1,3,2,1,1,1,3,16,8
0,24,0,3,3,0,2,0,4,2,4
0,64,1,3,3,0,1,0,5,0,0
0,59,1,3,3,0,2,0,4,6,7
0,47,0,2,3,0,1,0,4,0,0
0,54,1,1,2,1,3,0,2,0,1
1,29,1,3,3,0,1,1,4,0,0
1,33,1,3,2,1,1,0,2,1,0
0,56,0,1,2,0,2,0,3,0,0
0,34,0,3,1,1,2,0,4,0,0
0,51,0,3,3,0,2,0,4,0,0
1,60,0,1,2,0,4,0,4,3,2
0,20,1,3,2,0,2,0,3,16,16
0,52,1,3,2,0,2,0,3,3,4
0,29,1,3,3,0,2,0,3,0,0
0,60,1,2,4,0,1,0,4,0,0
1,48,0,3,3,0,2,0,4,0,0
0,58,0,2,3,0,3,0,3,0,0
1,35,0,2,1,0,2,0,1,1,1
1,41,0,2,3,0,2,0,3,0,3
1,36,1,3,2,0,2,0,4,8,7
0,64,0,2,2,0,1,0,3,0,2
0,26,1,3,4,0,1,0,4,9,5
1,57,0,1,3,0,3,0,3,2,0
0,53,0,3,3,0,1,0,2,0,0
0,36,0,3,3,0,2,0,2,2,0
0,63,0,3,1,0,2,0,3,0,0
1,50,1,3,2,0,2,0,4,0,0
1,47,0,3,1,0,2,0,1,0,0
1,28,0,3,3,1,2,0,3,0,0
0,24,0,3,4,0,2,0,3,2,2
0,57,0,4,3,0,1,0,4,0,0
1,20,1,3,3,0,2,0,1,3,3
0,50,0,3,3,0,2,0,5,4,4
0,57,0,2,4,0,2,0,4,0,0
1,34,0,3,2,1,2,0,4,0,0
0,33,1,3,3,0,2,1,4,16,17
0,25,1,4,3,1,2,0,4,10,1
1,66,0,3,4,0,2,0,4,0,0
1,38,1,3,3,0,2,0,2,0,0
1,29,0,2,2,0,2,0,2,3,11
1,23,1,2,1,0,1,0,3,0,0
0,61,0,2,2,0,2,0,5,0,0
1,56,0,3,2,0,2,0,4,0,0
1,54,0,3,2,0,2,0,3,1,1
1,54,1,3,3,0,3,0,3,2,2
1,56,0,1,1,0,2,0,5,0,0
1,32,1,1,1,0,4,0,2,0,0
1,18,0,2,2,0,2,0,1,2,1
1,22,0,2,2,0,3,0,4,1,0
1,44,0,1,2,1,2,0,3,0,0
0,50,0,3,3,0,4,0,2,2,1
0,51,1,3,3,0,2,0,4,4,4
0,33,0,3,1,0,2,0,4,0,0
1,22,1,2,2,0,3,0,1,0,0
1,30,1,3,3,1,1,0,4,1,2
0,22,0,3,3,1,2,0,2,19,17
1,36,0,3,2,1,2,0,5,6,0
0,58,1,3,2,1,1,0,3,0,1
0,48,1,3,3,0,1,0,4,2,5
1,23,0,3,1,0,2,0,4,0,0
1,48,0,2,2,1,3,0,3,0,0
1,42,0,4,2,1,2,0,3,0,0
0,38,0,3,3,1,2,0,5,1,0
1,52,0,4,3,0,1,0,4,3,1
1,22,1,3,2,0,2,0,3,3,3
1,43,0,1,2,0,2,0,2,0,0
0,69,1,3,3,0,2,0,3,2,1
1,50,0,3,2,0,2,0,4,0,0
1,34,1,5,1,0,1,0,5,0,0
1,25,0,2,1,0,2,0,5,0,0
0,29,0,3,3,0,2,0,3,0,1
1,49,1,2,3,1,2,0,3,3,8
0,59,0,1,3,0,4,0,2,0,0
1,46,0,2,2,0,2,0,3,0,0
0,56,0,3,1,0,2,0,2,0,0
0,53,1,3,4,0,2,0,3,0,0
0,50,1,3,4,0,1,0,3,3,6
1,41,0,5,4,0,1,1,5,32,32
1,45,0,3,3,0,3,0,4,14,19
0,61,0,3,4,0,2,0,3,1,1
0,67,0,3,2,0,1,0,4,0,0
0,51,0,4,3,0,2,0,4,1,0
1,48,0,3,1,0,2,0,4,2,2
1,49,0,3,2,1,3,0,3,1,5
1,64,1,3,3,0,2,0,4,0,0
1,43,0,3,2,1,2,0,2,1,3
1,33,0,2,1,1,3,0,2,0,0
0,58,0,5,3,0,3,0,4,2,2
0,55,0,3,2,0,2,0,4,0,0
1,29,1,3,2,0,2,0,4,1,2
0,66,0,2,4,0,3,0,4,5,6
1,32,1,3,2,0,1,0,4,2,1
0,21,0,3,4,0,2,0,4,6,7
1,49,0,3,4,0,3,0,4,15,12
0,49,0,3,3,0,2,0,3,1,2
1,52,0,1,2,0,3,0,1,0,0
1,36,0,3,2,1,2,0,3,3,0
0,42,1,3,2,1,1,0,4,0,0
0,28,0,5,4,0,1,0,5,32,32
1,45,0,4,3,0,2,0,3,16,16
1,30,0,4,3,0,2,0,4,25,7
0,55,0,3,2,0,2,0,4,0,0
1,65,0,3,2,0,3,0,3,0,0
1,37,0,3,4,1,2,0,4,3,2
0,44,1,3,2,1,2,0,3,11,12
0,25,1,3,2,0,1,0,1,0,0
1,61,0,3,2,0,2,0,4,0,0
0,37,1,3,4,1,1,0,3,0,0
1,50,0,2,1,0,2,0,2,0,0
1,66,0,3,3,0,1,0,3,0,0
0,51,0,2,4,0,4,0,5,11,12
0,57,0,3,3,0,2,0,4,0,0
0,35,0,3,3,0,2,0,2,17,21
0,28,1,1,2,0,4,0,5,0,0
0,51,0,2,2,0,4,0,2,0,0
1,27,1,3,3,0,1,0,4,3,2
0,54,0,3,4,0,1,0,4,0,1
0,46,1,2,2,0,2,0,4,0,0
1,50,0,3,2,0,2,0,2,0,0
0,54,0,3,3,0,1,0,5,0,2
1,31,0,3,1,1,2,0,3,0,0
0,51,0,2,3,0,2,1,4,2,3
1,57,1,3,1,0,2,0,4,0,0
0,58,0,3,4,0,1,0,4,0,6
1,26,1,3,4,0,2,0,3,3,4
0,56,0,3,2,0,2,0,1,2,2
0,28,1,3,2,0,2,1,3,0,1
0,24,0,4,2,0,2,0,3,14,14
0,37,1,3,2,0,1,0,3,0,0
1,66,0,2,3,0,3,0,3,6,1
0,26,0,3,2,1,2,0,4,1,1
0,25,1,2,4,0,2,0,4,3,2
1,51,1,3,3,1,1,0,4,0,0
1,24,1,4,2,1,2,1,3,12,17
0,54,0,3,3,0,2,0,3,0,0
1,34,1,3,2,1,3,0,4,4,2
1,48,0,2,1,0,2,0,2,0,0
0,58,0,1,2,0,4,0,3,0,0
1,55,0,2,2,1,2,0,3,0,0
0,56,1,3,4,0,3,1,4,0,0
1,24,1,3,2,0,2,0,1,0,0
0,37,0,5,4,1,1,0,5,27,17
0,28,1,3,3,0,1,0,4,0,0
0,36,0,3,2,0,2,0,3,0,0
0,67,0,3,3,0,2,0,4,0,0
1,36,1,3,4,0,1,0,5,0,2
1,37,1,2,3,1,1,0,5,0,0
1,40,1,2,2,0,2,0,4,0,0
0,32,1,1,4,0,3,0,3,4,4
1,41,1,3,3,1,2,0,4,0,0
1,41,0,3,3,1,2,0,4,1,0
1,28,0,4,1,0,2,0,2,3,24
1,48,0,2,2,0,2,0,2,0,2
0,27,0,3,2,0,2,0,3,0,0
0,67,0,2,3,0,2,0,5,8,8
1,24,1,1,2,0,3,0,2,1,0
1,33,1,3,3,1,2,0,4,0,0
0,24,0,3,3,0,2,0,3,0,0
1,50,0,3,2,0,2,0,3,1,2
0,60,1,3,3,1,2,0,3,0,0
1,26,0,3,3,0,2,0,3,7,5
1,41,1,3,3,0,2,0,3,1,1
0,60,0,3,4,0,1,0,3,0,0
1,49,0,3,3,0,3,0,2,0,0
1,29,1,3,1,0,2,0,2,7,5
1,20,1,2,3,0,2,0,3,3,2
1,27,0,3,1,0,1,0,1,0,0
0,50,1,3,3,0,1,0,4,1,1
0,47,0,2,2,1,2,1,1,18,17
0,26,0,3,2,0,2,0,3,0,0
1,63,0,2,2,0,3,0,4,1,1
0,54,0,3,3,0,2,0,4,0,0
1,57,0,1,1,0,4,0,2,0,0
0,67,0,3,4,0,1,0,5,0,0
1,44,1,3,4,0,2,0,3,0,0
1,34,1,2,2,0,2,0,4,0,0
1,40,1,3,3,1,2,0,3,0,3
0,57,1,3,3,0,2,0,3,0,0
1,51,1,3,3,0,2,0,4,10,10
1,56,0,3,3,0,1,0,2,0,0
1,47,0,2,2,0,2,0,1,0,1
0,27,1,3,1,0,3,0,5,0,0
0,59,1,3,4,0,1,0,4,7,8
0,56,0,3,3,0,2,0,3,16,24
1,29,1,3,3,0,1,0,4,2,3
0,43,1,3,3,1,1,0,4,0,0
0,55,0,4,2,0,2,0,4,1,1
0,57,0,1,2,0,4,0,1,2,2
0,31,1,3,2,0,2,0,2,0,0
0,43,0,3,1,0,3,0,4,3,2
0,31,1,3,3,0,1,0,3,0,1
1,53,0,2,2,0,3,0,3,2,2
0,56,0,1,4,0,3,0,4,2,5
0,64,0,4,4,0,1,0,4,1,2
0,54,0,1,2,0,3,0,3,0,4
1,25,1,2,4,0,2,1,2,2,4
0,18,1,3,3,0,1,0,3,2,2
0,68,1,3,2,0,2,0,3,0,0
0,22,1,2,2,0,2,0,2,12,14
0,43,0,2,3,0,2,0,4,0,0
1,53,0,3,3,0,1,0,5,0,0
0,56,0,2,3,0,2,0,3,4,5
1,26,1,2,2,0,2,1,2,0,0
1,34,0,2,3,1,1,0,4,21,27
1,61,0,2,1,0,3,0,1,0,0
1,29,1,3,2,1,2,0,4,0,0
0,37,0,1,2,0,2,0,3,2,4
0,52,0,4,2,0,3,0,3,0,0
1,57,1,3,4,0,2,0,5,0,0
1,35,1,3,4,0,2,0,1,4,6
1,28,0,3,1,0,3,0,2,0,0
1,19,1,3,2,0,2,0,1,4,2
1,49,0,3,4,1,1,0,5,0,0
1,64,0,3,2,0,2,0,4,0,0
0,33,0,4,4,1,2,0,3,0,0
0,58,0,1,1,1,2,0,4,2,0
1,23,1,2,4,0,3,0,4,18,15
1,67,0,3,4,0,1,0,4,0,0
1,57,0,3,3,0,1,0,3,0,0
1,44,1,2,3,1,2,0,3,0,0
1,47,0,1,2,1,4,0,1,1,0
1,24,1,3,2,0,1,0,3,1,2
1,30,0,2,2,1,2,0,5,0,0
0,26,0,3,3,0,1,0,3,11,12
1,30,0,2,2,0,2,0,3,1,1
0,63,0,3,3,0,2,0,5,0,0
1,37,0,3,2,1,1,0,3,0,0
1,27,1,3,2,0,2,0,3,0,1
0,61,0,3,4,0,1,0,4,0,2
1,22,1,3,2,0,2,0,3,0,0
0,34,1,3,3,0,2,0,4,0,0
0,66,0,3,2,0,4,0,3,0,0
0,37,0,3,2,0,2,0,4,0,0
1,48,0,2,2,0,4,0,2,1,0
1,40,1,2,3,0,1,0,4,17,20
0,19,0,1,4,0,3,0,4,28,10
0,51,0,3,1,0,2,0,2,0,0
1,20,1,2,2,0,3,0,3,1,0
0,62,0,3,4,0,1,0,5,0,0
0,55,1,4,4,0,1,0,4,2,2
0,32,1,3,2,0,2,0,3,0,0
1,51,0,2,2,0,2,0,4,0,0
1,57,0,3,3,0,2,0,3,0,0
0,59,0,2,3,0,2,0,3,0,0
0,56,0,1,4,0,3,0,4,1,1
0,39,0,3,3,0,2,0,4,0,0
1,40,1,1,3,1,2,0,3,5,4
1,43,0,1,3,0,4,0,3,13,14
0,67,1,2,3,1,2,0,3,2,1
1,18,0,1,1,0,4,0,1,0,0
1,43,0,1,1,1,3,0,2,0,0
0,53,1,3,4,1,1,0,5,4,6
1,39,0,3,2,0,1,0,3,0,0
0,52,1,4,2,0,2,0,4,16,17
1,26,0,3,3,0,1,0,2,2,1
1,65,0,3,4,0,1,0,4,0,0
1,47,1,3,4,0,2,0,4,13,11
0,65,0,3,3,0,1,0,5,0,0
0,69,0,4,3,0,1,0,3,0,0
0,35,1,2,2,1,1,0,4,1,0
1,69,1,3,3,0,2,0,4,2,4
1,52,0,3,4,1,2,0,4,0,0
1,61,0,3,3,0,2,0,2,3,2
1,34,1,3,3,1,1,0,3,0,0
1,44,0,3,3,0,2,0,4,0,0
0,28,1,3,4,0,2,0,4,1,0
0,55,0,3,3,0,2,0,4,1,1
0,26,1,5,4,0,1,0,4,0,0
1,44,0,3,2,0,2,1,3,17,24
1,34,0,3,2,0,2,0,3,0,0
1,30,1,3,3,0,2,0,2,0,7
0,60,0,2,4,0,1,0,4,0,0
0,63,0,3,3,0,3,0,5,0,0
0,59,0,2,3,0,3,0,4,0,0
0,57,0,3,2,0,2,0,4,0,0
0,59,0,3,2,0,2,0,1,0,0
1,65,0,3,3,0,1,0,3,3,3
0,67,0,3,2,0,2,0,3,0,0
0,53,1,3,3,0,2,0,3,0,0
0,25,1,2,3,0,2,0,3,0,2
1,23,1,2,3,0,2,0,3,0,0
0,56,0,2,3,0,2,0,3,0,0
0,57,0,2,4,0,2,0,2,0,0
1,65,0,2,3,0,2,0,3,1,0
1,35,0,2,1,0,4,0,3,0,0
0,40,1,4,4,1,2,0,3,0,2
0,22,1,3,3,0,1,0,4,0,0
0,52,0,3,3,0,1,0,3,1,0
1,69,0,3,2,0,2,0,2,2,2
1,46,0,2,1,1,3,0,1,0,0
0,57,0,2,4,0,3,0,4,0,0
1,51,0,2,3,0,3,0,5,0,0
1,35,1,3,3,1,2,0,4,0,0
0,32,0,3,2,0,2,0,2,0,0
1,35,0,2,1,1,2,1,2,0,0
0,54,1,2,4,0,3,0,4,0,0
1,69,0,2,4,0,1,0,5,0,0
0,60,1,3,3,0,4,0,2,0,0
0,55,1,3,4,0,2,0,3,0,0
0,19,1,3,3,1,3,0,3,8,9
1,29,1,3,2,0,2,0,1,11,7
0,69,1,3,3,0,3,0,4,0,1
0,62,0,3,4,0,2,0,3,0,0
1,27,1,3,2,0,2,0,4,1,0
1,39,0,2,2,0,2,0,1,0,0
1,39,0,3,1,0,2,0,1,0,0
1,34,0,3,3,0,3,0,4,4,0
1,38,1,3,4,0,4,0,1,2,2
1,49,0,3,1,0,2,0,2,0,0
1,41,1,2,2,0,2,0,4,0,0
1,39,0,2,3,1,2,0,5,4,3
1,66,0,3,1,0,3,0,2,0,0
0,22,1,3,4,0,1,0,3,2,8
0,48,1,4,2,0,1,0,4,0,0
0,57,0,3,2,0,2,0,4,0,0
1,67,0,3,2,0,1,0,3,0,0
0,39,0,3,2,0,2,0,3,1,0
0,60,0,2,4,0,3,0,1,15,15
1,54,0,1,4,0,4,0,4,4,3
0,45,1,3,4,1,1,0,4,11,12
1,60,0,2,3,0,1,0,2,4,4
1,22,1,2,2,0,2,0,2,1,1
0,64,0,3,4,0,1,0,4,0,1
0,56,0,3,3,0,2,0,2,3,0
1,35,0,1,3,0,1,1,3,16,14
0,31,1,3,1,0,1,0,3,0,0
0,52,0,3,2,0,2,0,4,1,4
1,26,0,3,3,0,4,0,2,0,0
0,63,0,3,2,0,1,0,3,0,0
1,54,1,1,1,1,2,0,5,2,4
0,68,1,3,3,0,1,0,5,0,0
0,20,0,3,3,0,2,0,5,0,0
0,26,0,3,3,0,2,0,4,0,0
0,27,1,3,2,1,3,0,4,16,20
0,34,0,3,2,0,2,0,2,0,0
0,28,0,3,3,0,3,0,3,18,14
0,40,0,3,4,1,2,0,4,1,3
1,39,0,2,3,0,2,0,3,1,3
1,29,0,3,3,1,2,0,3,0,0
1,20,0,3,4,0,3,0,5,0,0
0,64,0,3,1,0,2,0,4,0,0
0,62,0,1,3,0,2,0,4,0,0
0,51,1,3,3,0,2,0,4,0,1
0,31,1,5,4,1,1,1,5,7,12
1,26,1,3,1,0,1,0,3,0,0
1,62,0,2,2,0,2,0,2,0,0
0,63,0,3,3,0,2,0,2,0,0
0,29,0,2,3,0,2,0,3,4,2
1,29,0,3,2,0,2,0,4,0,0
0,41,0,3,2,1,2,0,3,15,14
0,35,0,3,3,0,2,0,3,0,1
1,42,1,3,2,0,1,0,1,8,8
1,63,1,3,4,0,1,0,5,11,14
0,55,1,3,3,0,2,0,3,0,0
1,23,1,3,4,0,1,0,3,3,2
0,30,1,2,4,0,1,0,5,11,0
1,39,0,2,2,1,2,0,3,0,0
1,60,0,1,3,0,3,0,3,2,2
0,51,0,1,1,0,3,0,2,0,0
0,67,0,3,4,0,2,0,5,6,9
0,19,0,3,3,0,3,0,3,15,13
1,51,0,2,2,0,2,0,5,1,0
1,36,0,3,2,1,2,0,3,0,0
0,20,0,2,2,0,1,0,3,0,0
0,68,0,3,2,0,2,0,3,0,0
1,37,1,2,2,0,2,0,2,2,3
1,61,0,3,3,0,1,0,4,2,3
1,40,0,3,2,0,2,0,4,2,2
1,28,1,1,1,0,2,0,2,2,0
0,37,1,3,2,1,2,0,4,0,0
0,37,1,2,4,0,1,0,5,2,2
0,55,0,4,4,0,1,0,5,0,0
0,35,1,2,2,0,3,0,3,2,2
0,67,0,3,3,0,2,0,5,0,0
0,60,0,3,1,0,2,0,4,1,1
1,44,1,1,2,0,4,0,2,6,1
1,41,0,1,4,0,3,0,4,0,0
1,37,1,3,2,0,2,0,3,2,3
1,52,0,3,2,0,3,0,3,0,0
0,56,0,3,2,0,2,0,4,0,0
1,56,0,2,3,0,3,0,3,1,1
1,57,0,2,2,0,2,0,3,0,0
1,54,0,3,3,0,2,0,4,0,0
1,28,1,3,2,0,1,0,3,0,0
0,65,0,3,2,0,2,0,4,0,0
0,55,0,2,3,0,3,0,3,0,0
1,49,0,3,3,0,1,1,4,19,16
0,18,1,4,4,0,1,0,4,11,7
0,56,1,2,2,0,2,0,4,0,0
1,43,1,2,3,0,1,0,3,0,0
1,20,1,2,2,0,2,0,2,4,4
0,66,0,3,3,0,4,0,2,3,3
0,25,1,3,4,0,2,0,4,0,0
1,18,0,2,1,0,2,0,2,0,0
1,32,0,3,2,1,2,0,4,0,0
0,58,0,3,4,0,2,0,5,1,1
0,45,0,3,3,0,2,0,3,0,0
0,27,0,3,2,0,3,1,4,6,1
0,58,0,2,4,0,1,0,4,0,0
0,23,1,3,4,0,2,0,4,2,2
1,62,0,2,2,0,3,0,4,0,0
1,29,0,2,3,1,2,0,4,2,2
1,21,1,2,3,0,2,0,3,8,3
1,22,1,3,2,0,2,0,2,0,1
1,19,1,2,2,0,2,0,2,1,0
1,46,1,3,4,0,1,0,5,1,8
1,58,0,3,3,0,2,0,2,3,2
0,54,0,3,4,0,2,0,3,0,0
1,25,0,3,1,0,1,0,3,0,0
1,42,0,3,1,0,3,0,3,0,0
0,54,0,3,2,0,1,0,5,4,4
1,50,1,2,2,0,1,0,2,0,0
1,33,1,3,2,0,1,0,2,1,0
1,53,0,1,3,0,3,0,2,0,0
0,49,0,2,3,0,3,0,2,2,2
1,36,0,4,3,0,2,0,4,4,0
1,59,0,3,2,0,1,0,4,2,2
1,27,0,3,2,1,2,0,4,0,0
0,35,0,3,2,0,2,0,4,0,0
0,52,0,2,4,0,2,0,4,0,2
0,40,1,3,3,0,1,0,4,1,2
1,53,1,3,2,0,2,0,3,0,0
1,60,0,3,1,0,2,0,3,0,0
0,69,0,3,2,0,2,0,2,0,0
0,69,0,2,3,0,4,0,1,0,0
0,42,0,3,1,0,1,0,3,0,0
1,36,0,3,4,1,2,0,5,3,0
0,25,0,2,1,0,3,0,1,0,0
1,20,1,3,2,0,1,0,4,11,3
1,60,0,1,2,0,4,0,3,0,0
0,54,0,1,2,0,4,0,3,0,0
1,37,0,2,2,1,1,0,2,1,2
1,43,1,2,2,0,2,0,2,0,2
1,64,0,2,4,0,4,0,4,0,0
0,19,1,3,3,0,2,0,5,0,0
1,26,1,2,3,0,2,0,1,2,6
0,50,1,3,3,0,1,0,4,2,1
1,35,1,3,2,1,3,0,3,1,0
0,29,1,3,3,0,1,0,4,17,17
1,58,1,3,4,0,2,0,3,9,8
1,26,0,1,2,1,2,0,3,0,0
1,53,0,3,3,0,2,0,4,0,0
0,34,0,3,3,0,2,0,1,0,0
1,63,1,3,3,0,1,0,4,1,1
1,26,0,3,2,0,2,0,3,1,1
1,35,0,5,3,1,1,1,4,26,28
0,58,0,3,3,0,1,0,4,0,0
0,45,0,3,3,1,2,1,4,17,18
1,44,0,3,1,0,2,0,4,2,0
0,63,0,3,3,0,2,0,3,1,0
0,37,0,2,3,1,1,0,3,0,0
0,54,0,1,1,0,4,0,4,0,0
1,34,0,3,1,0,3,0,5,0,1
0,64,0,2,2,0,3,0,3,0,0
1,36,0,3,2,0,1,0,4,0,0
0,22,0,3,2,0,1,0,4,1,2
1,25,1,3,2,0,2,0,3,3,2
1,52,0,3,2,0,3,0,1,2,2
1,23,1,4,1,0,1,0,4,2,1
1,64,0,3,2,0,2,0,3,0,0
1,42,0,3,4,1,2,0,4,0,0
1,29,0,3,2,0,2,0,2,0,1
1,20,1,3,2,0,1,0,4,0,0
0,26,1,3,2,0,2,1,2,0,3
0,61,0,2,4,0,2,0,3,1,0
1,39,1,3,3,0,3,0,5,0,0
1,45,0,1,3,0,4,0,1,0,0
0,43,1,4,4,1,1,0,4,7,3
1,31,1,3,2,0,1,0,4,3,3
0,21,1,2,1,0,1,0,3,6,1
0,35,0,3,1,0,2,0,3,0,0
0,34,1,2,3,0,1,0,3,0,0
0,56,1,3,4,0,2,0,4,1,2
1,69,0,3,4,0,2,0,4,4,3
0,31,0,4,2,0,3,0,2,12,18
1,57,0,3,1,0,1,0,3,0,0
1,36,0,3,2,0,1,0,2,8,16
1,58,0,3,3,0,2,0,2,2,0
1,36,1,4,4,1,1,0,5,12,1
0,50,0,2,2,0,2,0,4,0,0
0,55,1,3,4,0,2,0,4,4,5
0,59,0,3,3,0,2,0,3,1,1
0,40,1,4,3,0,1,0,4,23,21
1,40,1,2,3,1,3,0,2,2,3
1,56,1,3,3,1,2,0,5,0,0
1,27,0,3,2,0,2,0,1,0,0
1,58,1,3,3,0,1,0,4,7,3
1,39,0,2,2,0,3,0,2,0,0
0,69,0,3,3,0,2,0,4,0,0
0,26,1,2,4,0,2,0,4,15,12
0,67,0,3,3,0,2,0,5,0,0
1,59,0,4,3,0,1,0,3,1,3
1,54,0,3,3,0,2,0,4,0,0
1,57,0,1,3,0,3,0,4,6,5
0,44,1,2,3,0,3,0,3,0,0
0,65,0,3,1,0,1,0,3,0,0
0,36,0,3,3,0,2,0,2,2,4
1,60,0,3,2,0,2,0,4,0,0
0,56,0,3,4,0,2,0,3,2,2
0,36,1,3,3,0,1,0,4,0,0
0,59,0,2,3,0,2,0,3,0,0
0,22,1,3,1,0,1,0,2,0,0
0,58,0,3,3,0,2,0,3,0,0
0,18,0,2,2,0,1,1,4,0,0
1,45,0,3,4,0,1,1,3,0,0
0,65,0,3,3,0,1,0,3,0,1
1,66,0,5,2,0,1,0,3,1,3
1,43,0,3,3,0,2,0,3,0,0
0,67,1,3,3,0,2,0,4,3,4
0,63,0,3,3,0,3,0,3,7,7
0,34,1,3,4,0,1,0,4,0,0
0,54,0,4,3,0,2,0,4,0,0
0,26,0,3,2,0,1,0,3,0,0
1,33,0,2,1,1,2,0,2,2,0
1,31,0,3,2,0,2,0,2,2,0
0,57,0,3,3,0,1,0,4,3,3
0,28,1,2,4,0,1,0,4,0,0
0,63,0,3,3,0,2,0,3,0,0
0,36,0,3,2,0,2,1,1,23,21
1,39,1,3,2,1,1,1,3,16,16
0,51,0,3,3,1,2,1,3,16,16
0,69,0,3,4,0,3,0,3,2,1
0,64,1,3,3,1,2,0,3,0,0
0,57,1,4,2,0,1,0,3,1,1
1,32,0,3,2,0,2,0,4,0,2
0,64,0,3,2,0,3,0,2,0,0
1,51,0,3,2,0,2,0,2,0,0
0,39,0,3,2,0,2,0,5,0,0
1,62,1,3,3,0,2,0,4,2,1
0,30,0,3,3,0,2,0,4,1,1
0,46,1,2,3,0,1,1,4,4,4
0,61,0,1,3,0,4,0,2,7,0
1,57,0,1,2,0,3,0,3,2,2
0,68,1,3,3,0,1,0,5,2,2
1,49,0,3,4,0,2,0,2,0,0
1,67,0,3,1,0,3,0,4,0,0
1,44,0,3,1,1,2,0,1,0,0
0,24,0,3,4,0,1,0,5,0,0
1,38,0,3,3,1,1,0,5,0,0
1,68,1,3,3,0,1,0,4,0,2
1,24,1,3,2,0,1,0,4,0,6
1,46,0,2,2,0,2,0,3,0,0
1,60,1,3,2,0,2,0,4,0,0
1,34,1,2,4,0,1,0,2,0,3
0,40,0,3,3,1,2,0,3,18,20
0,53,0,3,3,0,1,0,2,0,0
1,48,0,3,2,0,3,0,1,0,5
1,20,1,3,3,0,1,0,3,2,3
1,62,0,2,1,0,2,0,4,0,0
0,57,0,3,2,0,2,0,1,0,0
1,58,0,3,2,0,2,0,3,0,0
1,32,1,3,3,0,2,0,3,0,0
1,37,1,3,3,0,3,0,3,2,2
0,53,0,3,2,0,2,0,2,0,0
0,60,0,2,3,0,2,0,3,0,1
0,52,1,3,4,0,1,0,4,1,2
0,31,1,4,3,1,1,0,3,10,16
0,60,0,3,3,0,2,0,3,8,12
0,54,1,3,3,0,2,0,4,2,2
1,52,0,3,2,0,3,0,2,0,1
0,58,1,1,4,0,2,0,4,0,0
1,26,1,2,2,1,2,0,4,0,0
1,38,0,3,3,1,2,0,3,0,0
1,37,0,2,4,1,4,0,2,8,4
1,47,0,1,3,0,4,0,4,22,19
1,45,0,2,3,0,1,0,4,0,0
0,18,0,2,2,0,2,0,4,0,0
1,37,0,3,3,1,1,0,3,1,1
1,64,0,3,3,0,2,0,3,0,0
1,42,0,3,3,0,2,0,2,0,2
0,66,1,3,4,0,2,0,3,1,4
0,23,0,1,3,0,4,0,2,0,1
1,50,0,2,2,0,2,0,4,0,0
0,52,0,3,3,0,2,0,2,0,0
1,40,0,2,2,0,2,0,4,1,0
0,64,0,3,3,0,3,0,4,4,4
0,20,1,4,3,0,3,0,2,14,11
1,49,0,5,4,0,1,0,2,6,7
1,48,0,3,2,0,1,0,3,0,0
1,49,0,3,2,0,2,0,3,0,0
1,55,0,2,3,0,2,0,2,0,0
0,35,1,3,2,0,1,0,3,0,0
0,28,0,3,2,1,2,0,2,0,0
1,36,0,3,1,0,2,0,4,0,0
0,69,0,4,3,0,1,0,5,2,3
0,47,0,1,1,0,4,0,5,0,2
1,31,0,4,2,0,2,0,3,0,0
0,52,0,3,2,0,2,0,4,0,0
1,47,0,2,1,0,1,0,1,16,16
1,36,1,3,3,0,2,0,4,0,1
0,53,0,3,3,0,2,0,4,1,0
0,40,0,3,4,0,2,0,4,0,0
0,41,1,2,3,0,1,0,4,0,0
0,59,0,3,2,1,2,0,4,0,0
1,18,0,3,3,0,1,0,3,16,19
0,55,0,3,3,0,1,0,4,3,5
0,35,1,3,3,0,2,0,3,0,0
1,57,0,3,3,0,2,0,3,0,0
0,42,0,3,2,1,2,0,5,0,0
0,29,1,2,3,0,2,0,3,0,1
0,48,0,2,3,0,2,0,4,0,0
0,61,0,3,3,0,3,0,3,2,2
0,19,1,2,2,0,3,0,3,0,0
0,22,1,2,2,0,2,0,2,0,0
1,30,0,1,2,1,3,0,3,2,2
1,68,0,3,3,0,2,0,3,2,1
0,33,0,5,3,0,2,0,4,15,14
0,69,0,3,3,0,2,0,3,4,4
0,19,1,3,2,1,2,1,3,16,16
0,57,1,1,3,0,2,0,5,0,3
1,64,0,3,2,0,2,0,4,0,0
1,25,0,3,1,0,1,0,3,0,0
0,45,0,1,3,0,4,0,3,2,0
1,28,1,2,2,1,2,0,4,0,0
1,25,1,3,3,0,2,0,2,0,0
1,44,0,3,3,1,2,0,3,2,3
0,50,0,3,2,0,1,0,4,0,0
0,66,0,3,3,0,2,0,3,0,0
1,26,1,3,2,0,4,0,1,0,0
1,29,1,3,3,1,1,0,5,0,0
0,54,1,3,4,1,2,0,2,0,0
0,69,0,3,2,0,2,0,4,0,0
1,20,1,2,2,0,2,0,3,0,0
1,27,0,1,1,0,1,0,2,0,0
1,18,0,3,3,0,2,0,3,9,10
0,19,1,2,1,0,1,0,2,0,0
0,68,1,2,4,0,2,0,3,10,3
1,34,0,4,3,0,1,0,4,0,0
0,66,0,3,3,0,2,0,4,0,0
0,30,0,2,2,0,2,0,3,0,1
0,59,1,4,3,0,2,0,2,2,5
1,56,0,2,3,0,2,0,4,0,0
0,50,0,3,3,0,1,0,4,7,0
1,58,0,1,2,1,2,0,2,6,4
0,58,1,3,3,0,2,0,4,1,0
0,58,0,3,2,0,2,0,4,3,3
1,31,0,2,2,0,3,0,3,3,4
0,60,0,5,2,0,1,1,4,1,1
0,29,1,3,4,1,1,1,5,21,24
0,39,0,4,1,0,2,0,5,0,0
0,35,1,3,3,0,3,0,4,0,0
1,21,1,3,2,0,1,0,4,1,0
0,60,0,2,3,0,3,0,3,0,0
0,61,0,3,3,0,2,0,3,0,0
0,60,1,2,4,0,4,0,1,0,0
0,30,1,4,3,0,2,1,5,25,23
0,26,1,3,3,0,2,0,3,0,1
1,36,0,3,2,1,2,0,2,0,0
1,62,0,3,2,0,2,0,2,0,0
1,56,0,3,3,1,2,0,2,0,0
1,33,0,3,2,1,2,0,2,0,0
0,18,0,1,2,0,2,0,1,0,2
0,52,0,3,1,0,2,0,5,16,16
0,64,0,2,2,0,3,0,4,0,0
0,55,0,3,2,0,2,0,4,0,0
0,53,0,3,4,0,2,0,4,3,4
0,58,0,3,3,0,2,0,3,0,0
0,34,1,1,1,1,2,0,4,4,6
1,58,1,2,3,0,1,0,2,2,2
0,63,1,3,4,0,1,0,3,0,0
0,52,0,3,4,0,2,0,5,1,0
0,25,1,3,2,0,3,0,3,0,0
0,50,0,4,3,0,1,0,5,2,0
0,69,0,1,1,0,2,0,3,0,0
0,38,0,4,2,1,2,0,3,26,12
1,32,1,2,3,0,3,0,5,0,2
1,36,1,3,2,1,1,0,4,0,2
1,37,1,2,2,1,2,0,4,6,5
1,58,0,1,3,0,3,0,4,0,0
1,48,0,3,2,0,2,0,3,0,0
0,65,0,3,3,0,2,0,3,0,0
1,66,0,3,4,0,1,0,4,0,0
1,18,1,3,2,0,1,0,3,0,0
0,57,0,2,2,0,2,0,3,0,0
0,35,1,2,3,1,1,0,4,12,0
0,63,0,1,4,0,2,0,3,0,0
0,55,0,4,2,0,2,0,3,0,0
0,52,0,2,4,0,1,0,2,2,2
1,61,1,3,2,0,2,0,3,0,0
1,23,1,3,3,0,1,0,5,4,3
1,22,1,3,1,0,1,0,3,4,3
0,66,1,3,4,0,1,0,4,0,0
0,38,0,3,3,0,2,0,2,0,0
1,35,0,3,4,1,1,0,5,0,0
1,54,0,3,2,0,2,0,3,0,1
0,63,0,2,2,0,3,0,3,0,0
0,62,0,3,3,0,2,0,4,1,2
1,24,0,1,3,1,1,0,4,0,0
1,46,0,2,3,1,2,0,3,4,3
0,45,1,4,3,0,2,0,1,21,24
1,35,0,2,3,1,1,0,4,10,9
0,41,1,3,3,0,1,0,4,0,0
0,52,0,3,1,0,2,0,3,0,0
1,64,1,2,3,0,2,0,3,0,0
1,47,0,2,2,0,2,0,3,0,1
1,37,1,2,2,0,1,0,5,1,1
1,57,0,3,2,0,2,0,4,0,0
1,55,0,3,1,0,3,0,2,0,1
1,69,0,3,2,0,3,0,4,2,0
1,42,0,2,2,0,4,0,5,3,0
1,32,1,3,3,0,1,0,2,0,0
0,40,0,2,3,0,2,0,3,5,4
0,19,1,3,3,0,2,0,4,0,0
0,67,0,3,2,0,1,0,5,0,0
1,32,1,1,3,0,3,0,2,4,6
0,22,1,4,1,0,2,0,2,0,0
1,19,0,3,1,0,1,0,4,0,0
1,50,0,5,3,0,1,0,5,0,0
1,60,0,2,3,0,2,0,4,0,0
1,30,0,3,3,1,2,0,5,1,0
1,48,0,3,1,0,2,0,3,2,2
0,64,0,3,4,0,3,0,4,2,2
1,35,1,2,2,1,1,0,4,0,5
0,30,1,5,3,1,1,1,4,24,17
1,34,0,3,3,1,1,0,4,29,0
1,54,0,1,2,0,3,0,2,2,2
1,32,1,3,2,0,1,0,2,0,0
0,65,0,3,3,0,3,0,4,4,6
0,59,0,3,1,0,2,0,3,0,0
0,39,0,3,3,0,1,0,4,0,0
1,18,1,2,2,0,1,0,3,1,1
0,51,0,3,1,0,3,0,3,0,0
0,57,1,2,2,0,2,0,2,0,1
0,63,0,3,4,0,2,0,4,0,0
0,35,0,3,2,0,2,0,4,0,1
0,68,1,3,3,0,2,0,4,0,0
0,47,1,3,2,0,2,0,3,0,0
1,33,0,3,3,0,2,1,3,16,0
0,23,1,4,3,1,1,0,3,14,26
0,40,0,2,3,1,1,0,4,13,10
0,51,0,3,3,0,1,0,4,1,1
0,34,1,3,4,0,1,0,4,0,0
0,30,1,4,3,1,1,1,4,26,26
0,22,1,3,3,0,1,0,4,6,7
1,43,0,3,3,0,2,0,5,0,0
1,56,0,2,4,0,3,0,2,0,2
1,29,1,4,3,1,1,0,5,5,6
1,28,0,3,3,1,1,0,3,24,22
0,28,0,1,1,0,2,0,4,0,0
0,58,0,3,3,0,2,0,4,2,2
0,59,0,3,3,0,1,0,3,7,9
1,21,1,3,2,0,1,0,3,2,0
0,27,1,2,3,0,2,0,2,0,0
1,51,0,3,4,0,2,0,1,5,0
0,61,0,3,2,0,1,0,3,3,3
1,33,0,2,1,1,2,0,4,1,0
1,61,0,3,2,0,2,0,3,0,0
0,66,0,5,3,0,1,0,4,27,27
0,31,0,3,4,0,1,0,3,0,1
0,55,0,3,2,0,2,0,3,3,0
0,52,0,2,3,1,1,0,3,16,12
1,34,1,3,3,1,1,0,4,0,0
1,45,0,5,2,0,1,0,5,10,7
1,46,0,2,2,0,2,0,4,2,0
0,34,0,3,4,0,1,0,3,9,9
0,27,1,2,4,1,3,0,3,15,10
0,60,1,3,2,0,3,0,4,0,0
1,53,0,3,2,0,2,0,3,2,3
1,21,0,2,2,0,3,0,3,1,0
0,50,0,3,2,0,2,0,3,0,0
1,56,0,3,4,0,2,1,5,3,1
1,68,0,2,2,0,1,0,3,0,0
1,47,0,3,2,0,2,0,3,0,0
1,32,0,3,2,1,3,0,4,0,0
1,22,0,3,2,0,2,0,4,2,2
1,24,1,3,3,0,2,0,4,3,2
1,41,0,3,1,0,2,0,2,0,0
1,59,1,3,3,0,2,0,3,0,0
0,31,0,3,2,0,2,0,5,17,22
0,61,1,3,4,0,2,0,2,0,0
1,27,1,2,4,0,2,0,3,2,4
0,57,0,3,4,0,1,0,4,4,5
1,43,0,3,2,0,2,0,3,0,0
1,40,0,3,2,0,2,0,2,7,5
0,58,0,3,4,0,2,0,4,6,4
0,50,1,1,3,0,1,0,1,1,0
0,20,0,3,4,0,2,0,3,13,17
0,53,0,3,2,0,3,0,3,1,5
1,33,0,3,2,0,2,0,3,0,0
0,56,0,3,4,0,2,0,3,5,5
0,40,1,3,3,1,1,0,4,22,17
1,55,0,3,3,0,2,0,5,0,0
0,25,1,3,2,0,1,0,4,2,1
1,47,0,3,2,0,2,0,3,4,4
1,32,1,3,3,0,2,0,3,0,0
1,20,0,3,3,0,1,0,3,2,2
0,53,0,3,3,0,3,0,3,0,0
1,49,1,3,2,1,1,0,4,0,1
0,66,0,3,4,0,1,0,5,6,5
1,41,0,3,3,1,3,0,3,3,0
1,33,1,1,3,0,2,0,4,2,4
1,42,1,2,3,0,2,0,2,1,1
0,63,0,3,3,0,2,0,3,0,0
0,44,1,3,2,0,2,0,2,1,0
1,44,1,3,3,0,2,0,3,0,0
1,35,1,1,3,1,2,0,4,25,22
1,67,0,3,2,0,2,0,2,0,0
0,20,0,2,3,1,1,1,4,22,19
1,53,0,3,2,1,2,0,1,3,0
1,23,1,2,2,0,2,0,2,0,3
1,41,1,4,3,0,1,0,3,0,2
0,29,1,3,4,0,1,0,4,0,2
1,51,0,3,4,0,2,0,4,0,0
0,59,0,3,4,0,2,0,3,0,0
1,23,1,3,2,0,2,0,3,8,5
0,58,1,4,3,0,1,0,4,6,6
0,36,0,3,3,0,2,0,4,5,22
0,65,0,3,1,0,2,0,3,0,0
1,39,0,3,3,0,3,0,4,0,0
0,65,0,3,3,0,1,0,2,3,0
1,25,1,3,3,0,2,0,2,1,1
0,55,0,2,3,0,2,0,3,0,0
1,35,0,2,3,0,3,0,1,6,6
1,33,1,5,4,0,1,0,5,0,0
1,24,1,2,3,0,3,0,4,2,16
1,40,0,3,1,0,2,0,3,0,0
0,21,0,2,4,0,2,0,4,0,0
0,50,0,3,3,0,2,0,3,6,8
1,38,1,3,4,1,2,0,5,0,0
1,36,1,2,3,1,2,0,3,0,4
0,36,1,3,3,0,1,0,4,0,0
1,52,0,3,3,0,2,0,3,8,8
1,56,0,3,3,0,1,0,5,9,10
1,28,0,3,2,1,2,0,4,23,9
0,24,0,3,2,1,2,0,1,1,0
0,38,0,3,2,0,2,0,3,0,0
1,19,1,2,2,0,2,0,2,0,0
0,36,0,3,2,0,2,0,5,0,0
1,35,0,3,2,1,1,0,4,0,2
1,29,1,2,3,1,2,0,4,0,0
0,53,0,2,3,0,2,0,3,1,0
1,25,1,3,2,0,2,0,1,2,2
1,21,1,3,3,0,1,0,2,3,4
0,46,0,1,3,0,4,0,4,0,0
1,26,1,3,2,0,1,0,4,0,0
1,22,0,3,3,1,2,0,3,1,1
1,33,0,3,3,0,2,0,4,0,0
1,25,1,2,2,0,2,0,2,0,0
1,37,0,3,3,0,2,0,3,0,0
1,34,1,3,2,1,2,0,3,0,0
0,49,0,3,3,0,1,0,3,0,1
0,44,1,3,4,0,2,0,4,1,0
1,33,0,2,2,0,4,0,2,16,16
1,56,1,3,4,0,1,0,2,0,0
1,53,0,2,3,0,2,0,3,2,16
1,50,1,3,2,0,2,0,5,0,1
1,35,0,3,3,0,3,0,3,1,0
0,44,1,2,3,0,2,0,2,0,0
1,24,1,3,1,0,1,0,4,0,0
1,30,0,3,2,1,2,0,3,12,3
1,40,1,1,3,0,4,0,3,0,0
1,35,0,2,3,1,3,0,1,4,4
0,44,0,2,4,0,2,0,4,6,10
1,32,0,2,2,0,4,0,2,0,0
1,45,0,3,3,1,1,1,5,1,0
0,54,0,3,2,1,1,0,3,1,2
0,35,1,3,3,0,2,0,3,0,0
1,41,1,2,2,1,2,0,4,1,1
0,57,0,3,3,0,2,0,3,0,0
1,25,1,2,2,0,1,0,5,9,9
1,69,0,3,2,0,2,0,3,0,0
1,56,1,3,2,0,1,0,4,0,0
1,63,0,2,4,0,2,0,2,0,0
1,58,1,3,3,0,2,0,4,5,7
1,49,0,4,2,0,1,0,5,0,0
1,51,0,3,1,0,2,0,2,0,0
0,49,1,2,3,1,2,0,3,6,1
0,31,1,4,3,1,2,0,4,0,0
1,40,0,2,2,1,2,0,3,0,0
1,34,1,3,2,1,1,1,4,0,0
1,52,1,2,4,0,1,0,3,0,0
1,27,1,3,3,0,1,0,3,11,10
1,31,0,2,2,1,2,0,2,3,4
0,68,1,2,4,0,1,0,4,2,6
0,55,0,3,2,0,3,0,3,0,0
1,68,0,3,3,0,1,0,4,0,0
0,33,0,3,2,0,2,0,3,0,1
0,27,0,3,3,0,1,0,4,0,0
1,50,0,3,3,0,3,0,1,10,6
1,37,0,3,1,0,4,0,2,2,0
1,37,0,1,2,1,3,1,5,8,0
1,18,0,3,2,1,1,0,3,0,0
1,51,0,3,3,0,2,0,4,2,5
1,51,1,3,2,0,2,0,3,0,0
1,45,0,1,3,0,2,0,5,0,0
0,31,1,1,2,0,1,1,2,14,14
1,42,1,3,2,1,1,0,3,0,0
0,68,0,3,3,0,2,0,3,0,0
1,66,0,2,2,0,3,0,3,2,2
0,39,0,3,3,1,2,0,4,0,0
1,44,0,2,3,0,2,0,4,0,0
1,37,0,3,3,1,2,0,2,0,0
0,40,1,2,3,0,2,0,5,0,0
0,35,0,3,3,1,2,0,4,3,4
1,27,1,4,2,0,1,0,4,0,0
0,60,1,3,3,0,2,0,4,3,6
1,32,1,1,3,0,2,0,2,9,15
1,42,0,3,1,0,3,0,3,0,0
0,65,0,3,2,0,2,0,3,0,0
1,61,0,3,3,0,2,0,2,0,0
0,65,0,3,2,0,3,0,1,0,0
0,42,0,2,3,0,4,0,3,2,6
0,53,0,3,3,0,2,0,4,0,0
0,53,0,3,3,0,3,0,4,0,0
1,31,0,2,1,0,2,0,2,1,2
0,26,1,1,4,0,2,0,2,2,2
0,60,0,3,2,0,1,0,3,1,1
0,63,0,3,3,0,3,0,3,6,9
0,67,1,3,4,0,2,0,4,4,3
0,61,0,3,3,0,2,0,4,0,0
1,42,0,2,2,1,2,0,3,0,0
0,20,1,2,4,0,2,0,4,7,9
0,20,0,3,2,0,2,0,3,1,1
0,63,1,3,3,0,1,0,4,0,0
0,20,0,2,2,1,4,1,3,12,11
0,56,1,4,3,0,1,0,4,2,2
0,66,1,1,4,0,3,0,3,10,9
0,61,1,3,4,0,2,0,4,0,0
0,23,1,3,4,0,2,0,4,0,0
1,23,1,2,3,1,2,0,3,1,1
1,47,1,3,2,0,2,0,4,2,4
1,22,0,3,3,0,2,0,3,0,6
1,61,0,2,2,0,2,0,3,0,0
1,23,1,2,3,0,1,0,2,0,4
0,19,0,2,2,1,2,0,4,15,14
0,58,0,3,2,0,2,0,3,0,8
0,45,1,1,4,0,3,0,1,2,2
0,55,0,3,4,0,1,0,4,0,0
1,40,0,3,3,0,3,0,3,0,0
0,69,0,3,2,0,2,0,4,0,0
1,35,0,2,1,1,2,0,1,1,1
0,54,0,3,2,0,1,0,2,0,0
1,40,0,3,4,0,4,0,3,0,0
0,52,0,3,3,0,1,0,3,0,0
1,48,1,3,3,0,3,0,1,0,2
1,40,1,3,2,1,3,1,4,0,0
0,20,1,3,4,1,2,0,5,0,0
0,50,0,2,3,0,3,0,3,5,5
1,32,0,3,2,1,2,0,2,0,0
0,66,0,3,3,0,2,0,2,0,0
1,59,1,2,3,0,1,0,4,1,2
0,69,0,3,4,0,3,0,4,8,16
0,41,0,5,3,1,2,0,3,0,0
1,37,0,3,3,0,3,0,1,0,0
0,56,1,3,4,0,2,0,4,2,2
0,68,0,3,2,0,2,0,4,1,0
1,37,0,3,2,0,1,0,4,0,0
0,42,0,3,2,0,1,0,4,0,0
1,33,1,4,3,0,1,0,4,0,0
0,59,0,3,3,0,1,0,4,3,2
0,55,0,3,1,0,3,0,5,0,0
1,37,1,5,3,1,1,1,4,18,24
0,51,1,4,4,1,2,0,5,0,0
1,42,1,2,2,0,2,0,1,2,2
1,57,1,3,4,0,1,0,4,1,1
1,55,0,2,3,0,2,0,4,0,0
0,59,0,4,4,0,1,0,5,0,0
1,46,0,3,3,0,3,0,3,1,1
0,46,1,3,3,1,2,0,2,1,0
0,58,0,2,1,0,2,0,4,0,0
1,35,1,3,3,0,2,0,4,0,0
0,64,0,2,4,0,2,0,4,3,0
1,51,0,2,3,0,3,0,3,1,3
1,40,1,3,2,1,1,0,4,0,0
1,49,1,4,3,0,1,0,4,0,0
0,28,0,2,1,0,2,0,3,2,0
1,40,0,3,3,0,1,0,4,12,7
1,45,0,3,2,0,1,0,4,3,1
0,55,0,3,2,0,3,0,3,0,0
1,38,1,3,2,1,2,0,4,0,0
1,62,1,3,3,0,1,0,4,0,0
1,65,0,3,2,0,2,0,5,0,0
1,33,1,2,2,0,3,0,2,0,0
0,48,0,3,1,0,2,0,3,0,0
1,58,1,3,2,0,2,0,3,0,0
1,57,0,3,2,0,3,0,1,2,5
1,52,0,3,3,0,3,0,3,3,0
0,34,1,3,2,0,1,0,4,3,0
1,41,1,3,2,1,2,0,3,2,0
1,58,0,3,2,0,2,0,3,1,1
1,58,0,3,2,0,2,0,3,0,0
0,28,1,2,2,1,1,1,3,16,16
1,28,1,3,3,0,2,0,4,5,2
1,45,1,3,3,1,1,0,4,0,3
0,66,1,3,3,0,3,0,4,6,5
0,63,0,3,2,0,1,0,4,0,0
1,49,1,1,2,0,3,0,2,0,0
0,51,0,2,2,0,2,0,4,0,0
1,36,0,2,3,0,2,0,3,3,2
0,32,0,3,2,0,2,0,3,0,0
1,48,0,2,1,0,3,0,3,0,0
1,40,1,3,2,0,3,0,3,0,0
1,31,0,3,1,0,2,0,3,2,0
0,55,1,2,2,0,2,0,2,0,0
1,64,0,3,4,0,1,0,3,0,0
0,51,0,3,2,0,2,0,4,0,0
1,46,0,2,3,0,2,0,4,0,0
1,46,1,1,3,0,3,0,4,2,3
1,31,0,1,1,0,3,0,3,11,9
1,34,0,3,2,0,2,0,3,2,2
1,21,1,2,1,0,1,0,2,0,0
1,19,0,4,2,0,2,1,3,5,1
0,56,0,3,4,0,1,0,1,0,0
0,32,1,4,3,0,2,0,3,18,22
1,32,1,2,1,0,1,0,3,0,0
0,19,0,2,3,0,3,0,3,16,8
0,36,0,3,4,0,1,0,3,9,13
0,28,0,5,4,0,1,0,4,24,20
1,25,0,3,1,0,2,0,1,0,0
0,55,0,3,4,0,2,0,3,0,0
0,58,1,3,4,0,1,0,4,0,0
1,24,0,3,1,0,3,0,1,0,0
1,55,0,1,2,0,4,0,1,0,0
0,18,0,3,4,0,1,0,3,7,7
1,21,1,3,2,0,2,0,2,0,0
0,56,1,3,3,0,3,0,4,4,4
1,24,0,3,1,1,1,0,2,0,0
1,27,1,3,3,0,1,0,3,5,7
0,66,0,2,4,0,2,0,4,0,0
1,47,0,4,1,0,1,0,1,0,0
1,43,0,3,3,0,2,0,4,0,0
0,30,0,2,3,0,2,0,2,2,5
1,34,1,5,4,1,1,0,5,24,26
0,56,1,3,3,0,2,0,4,0,0
0,26,1,3,4,0,1,0,2,0,7
1,34,1,3,3,0,1,0,3,3,0
1,44,1,3,3,1,2,0,3,6,6
0,58,0,3,3,0,1,0,4,3,3
0,63,0,3,4,0,1,0,4,3,4
0,54,0,1,2,0,3,0,3,0,0
1,44,0,3,2,0,2,0,3,0,0
0,55,1,3,3,0,2,0,4,0,0
0,57,0,2,3,0,3,0,3,0,0
1,45,0,1,2,0,4,0,3,0,0
1,23,0,1,1,0,4,0,3,0,0
1,34,0,1,1,1,2,0,3,0,0
1,62,0,3,3,0,2,0,2,2,2
0,50,0,3,2,0,3,0,3,0,1
1,25,1,3,4,1,2,0,2,1,2
1,60,0,3,2,0,1,0,2,0,0
1,61,0,2,3,0,1,0,5,2,2
0,40,0,1,3,0,2,0,3,0,0
1,61,0,3,4,0,2,0,5,0,0
0,64,0,1,2,0,4,0,4,0,0
1,22,1,3,3,0,2,0,4,0,0
0,48,1,5,4,0,1,0,2,4,4
0,56,0,2,3,0,3,0,5,0,0
0,61,1,3,3,1,1,0,3,0,0
0,68,0,3,4,0,2,0,4,5,7
1,59,0,3,2,0,1,0,3,0,4
0,50,0,3,1,0,2,0,2,0,0
0,38,0,4,3,1,2,1,3,18,20
0,24,1,3,2,1,1,1,2,11,12
0,65,0,3,2,0,2,0,4,6,3
1,44,0,3,2,0,1,0,3,0,0
0,56,0,3,3,0,1,0,4,0,0
1,28,1,2,1,1,2,0,3,1,1
1,31,1,2,4,0,2,0,3,0,0
0,46,1,3,4,0,1,0,5,28,24
0,41,0,3,2,0,3,0,3,1,6
0,55,1,1,3,0,3,0,5,0,0
1,58,0,3,2,0,2,0,4,0,4
1,53,1,1,4,0,1,0,4,6,6
0,32,1,3,3,1,2,0,5,0,0
1,49,0,3,1,1,2,0,3,0,0
1,43,0,1,3,1,3,0,3,8,8
1,25,0,3,1,0,1,0,4,0,0
0,28,1,3,4,0,1,0,4,0,0
1,22,0,3,3,1,4,0,2,3,4
1,18,1,3,2,0,1,0,3,1,0
1,27,1,3,2,0,2,0,3,0,4
1,27,1,2,2,0,4,0,2,0,0
0,47,1,3,2,0,1,0,4,0,0
1,44,1,3,4,0,1,1,5,0,0
1,26,1,2,2,0,2,0,1,0,2
0,58,0,2,2,0,2,0,4,0,1
1,31,1,4,2,0,1,0,4,0,0
0,33,0,3,2,1,1,0,3,16,16
1,36,1,3,2,1,2,0,3,0,0
0,50,0,3,3,0,2,0,4,0,0
0,63,0,3,3,0,3,0,2,3,2
0,50,0,2,2,0,2,0,4,1,0
0,57,0,2,2,0,3,0,4,2,2
1,28,1,3,2,0,1,0,4,3,3
1,29,1,3,2,0,2,0,1,0,0
0,67,0,3,3,0,3,0,3,2,2
1,27,1,3,2,0,2,0,3,1,2
0,56,0,2,2,0,2,0,4,1,2
1,54,1,2,3,1,2,0,4,0,0
0,58,0,5,4,0,1,0,5,3,4
0,61,0,3,3,0,2,0,1,0,0
0,29,1,2,2,1,2,1,2,0,0
0,62,0,2,4,0,2,0,4,3,0
0,18,1,3,2,0,1,0,5,4,6
1,54,0,3,3,1,1,0,2,0,0
1,56,0,2,1,0,2,0,5,1,0
0,18,1,3,3,1,1,1,4,21,19
1,30,0,2,3,1,2,0,3,7,5
1,54,1,4,2,0,1,0,5,1,1
0,42,1,4,4,1,1,0,4,6,6
1,54,0,2,3,0,2,0,4,0,0
1,66,0,3,3,0,1,0,3,1,1
0,59,0,3,3,0,1,0,4,0,1
0,69,1,2,4,0,3,0,5,2,2
1,41,0,3,2,0,2,0,2,0,0
1,58,0,3,1,0,1,0,3,0,0
1,27,0,2,2,0,1,0,3,0,0
1,31,0,3,2,0,2,0,3,0,0
1,40,0,3,1,0,1,0,1,0,0
0,64,0,3,3,0,1,0,3,2,3
1,37,1,3,2,0,1,0,3,1,0
1,69,0,2,2,1,1,0,5,0,0
1,34,0,2,1,1,2,0,5,2,2
1,19,1,2,2,0,2,0,3,0,1
0,61,0,4,4,1,1,0,5,0,0
1,49,0,3,2,0,3,0,2,0,0
1,33,1,2,2,0,2,0,2,2,0
1,58,1,2,3,0,1,0,3,0,2
0,22,1,4,3,1,2,1,2,16,17
0,59,0,3,4,0,2,0,4,0,0
1,48,0,2,2,0,3,0,2,0,0
0,52,0,2,2,0,3,0,3,0,0
1,33,1,3,2,0,2,0,4,0,0
0,51,0,3,1,0,1,0,2,0,0
0,54,1,2,3,0,2,0,1,0,0
1,29,1,4,4,0,2,0,4,0,1
1,48,0,3,2,0,2,0,3,0,0
0,31,1,3,2,0,2,0,4,4,3
1,54,0,3,2,0,1,0,3,0,0
0,29,0,3,3,0,1,0,3,16,16
0,61,0,3,3,0,1,0,3,0,0
1,47,0,5,3,0,2,0,4,1,1
0,61,0,3,4,0,2,0,4,0,0
1,30,0,2,2,1,2,0,4,0,0
0,63,0,3,1,0,3,0,1,0,0
1,47,0,2,2,0,4,0,3,0,0
1,23,1,3,2,0,2,1,3,17,19
1,20,1,3,2,0,1,0,2,1,0
0,44,0,3,3,1,1,0,4,0,0
0,56,0,3,4,0,1,0,5,14,6
1,48,0,3,3,0,2,0,3,0,0
0,55,0,2,2,0,3,0,4,0,0
1,51,0,2,2,0,2,0,3,0,0
0,54,1,2,3,0,2,0,4,0,1
1,28,0,3,3,0,3,0,3,3,1
1,39,1,2,2,1,1,0,3,8,8
1,37,0,2,3,0,1,0,3,3,3
0,69,0,3,2,0,2,0,3,0,0
1,47,0,1,3,1,2,0,3,3,0
0,68,1,4,4,0,2,0,5,0,2
1,37,0,3,4,0,2,0,4,0,0
1,29,1,3,2,0,2,0,3,5,5
1,28,1,3,4,0,1,0,4,0,1
1,29,0,4,4,1,1,0,5,2,1
1,47,1,3,2,1,1,0,3,0,1
0,69,0,3,3,0,2,0,4,0,0
0,36,0,3,3,0,2,0,3,12,11
0,56,0,3,2,0,3,0,2,0,0
0,55,0,4,3,0,1,0,3,0,0
1,22,1,5,3,1,2,1,3,18,19
1,52,1,2,4,0,1,0,5,0,0
1,31,0,3,1,1,4,0,2,0,0
0,37,1,3,3,0,2,1,1,0,5
0,61,0,3,2,0,3,0,2,0,1
0,54,0,3,3,0,2,0,5,0,0
0,65,0,3,4,0,2,0,3,0,0
1,65,1,3,3,0,3,0,4,4,4
0,60,0,3,3,0,2,0,2,0,2
0,20,1,3,2,0,2,0,2,0,1
0,57,0,2,3,0,2,0,3,0,0
0,57,0,2,2,0,2,0,4,0,0
1,46,0,1,3,1,3,0,3,0,16
0,57,1,3,4,0,2,0,4,1,1
0,28,0,2,3,0,2,0,4,7,7
0,57,0,2,3,0,1,0,5,9,0
0,54,0,3,2,0,1,0,4,2,0
0,18,0,3,1,0,1,0,5,0,0
1,57,0,3,3,0,2,0,4,0,0
1,41,1,3,3,1,1,1,3,3,4
1,48,0,3,1,0,4,0,4,0,0
1,34,0,3,2,0,2,0,3,0,0
0,46,0,3,3,0,2,0,3,0,0
0,61,0,3,4,0,2,0,5,0,0
0,69,0,3,2,0,2,0,3,0,0
0,54,0,3,2,0,2,0,3,0,0
1,61,1,3,3,0,1,0,3,0,0
1,59,0,3,2,0,2,0,2,3,4
0,26,1,2,4,0,3,0,2,0,0
0,52,1,2,3,0,1,1,4,0,1
0,56,1,3,4,0,4,0,2,0,0
0,58,1,2,3,0,3,0,4,14,12
0,34,0,2,3,0,2,0,2,0,0
1,61,1,2,2,0,2,0,4,0,0
0,22,1,5,3,0,2,0,4,5,2
0,50,0,2,3,0,2,0,3,3,2
0,38,0,3,2,0,4,0,3,0,2
1,33,1,3,2,0,1,0,3,0,0
0,67,0,1,1,0,3,0,4,0,0
1,21,0,2,1,0,2,1,2,1,1
1,25,1,4,3,0,2,1,4,27,27
0,50,0,3,3,0,1,0,4,2,2
0,68,0,2,3,0,1,0,4,2,2
0,25,1,3,4,0,2,0,4,2,3
1,49,0,5,3,0,1,0,5,1,1
0,42,0,3,2,1,3,0,3,1,2
0,64,0,3,3,0,4,0,2,0,0
1,28,1,3,3,1,2,1,3,0,0
1,20,0,1,2,0,3,0,2,0,0
0,68,0,2,3,0,3,0,3,5,8
0,66,1,3,4,0,1,0,4,0,1
1,34,0,3,1,1,2,0,4,0,0
1,35,1,3,4,0,1,0,4,0,11
0,30,0,5,3,0,1,0,3,9,25
1,22,1,3,3,0,1,0,4,2,2
1,43,0,3,1,0,3,0,3,0,0
1,45,0,3,1,0,2,0,2,0,0
1,37,1,2,2,0,2,0,3,0,1
1,26,1,2,3,0,3,0,2,0,3
0,30,0,2,2,0,2,0,4,13,12
0,52,1,3,2,0,2,0,3,0,0
0,18,1,3,2,0,3,0,3,6,6
0,50,0,3,3,0,1,0,4,0,0
0,49,0,3,4,0,3,0,4,0,0
0,59,0,3,3,0,2,0,5,0,0
1,28,0,3,2,1,2,0,3,0,8
0,61,0,3,3,0,1,0,4,1,2
1,30,0,3,2,1,3,1,2,9,23
1,41,0,4,2,0,2,0,4,0,0
1,54,1,3,2,0,1,0,3,0,0
0,18,0,3,3,0,1,0,3,2,2
1,53,1,3,3,0,2,0,2,2,0
1,52,1,2,2,0,2,0,3,1,0
1,49,0,3,3,0,2,0,3,2,4
1,32,0,2,2,0,3,0,1,0,0
1,33,1,3,4,1,2,0,4,8,11
0,29,1,2,3,0,3,0,1,3,5
0,64,0,2,2,0,3,0,3,0,0
0,67,0,3,4,0,2,0,5,0,0
0,30,1,3,4,0,4,0,5,7,4
1,51,1,2,3,0,3,0,4,1,10
1,37,1,3,2,0,2,0,2,2,4
0,27,0,3,1,0,3,0,4,0,1
1,24,1,2,3,0,1,0,3,0,0
0,60,0,2,4,0,2,0,3,10,8
1,25,1,3,2,0,2,0,3,17,16
1,27,0,2,1,1,2,0,5,0,0
0,23,0,3,3,1,2,0,3,14,13
0,69,0,2,3,0,3,0,4,0,0
1,53,1,3,3,1,1,0,4,3,2
1,66,0,2,3,0,2,0,4,0,0
0,60,0,2,4,0,3,0,3,15,14
1,34,0,1,2,1,3,0,2,0,0
0,30,0,3,2,0,2,0,4,0,0
0,20,1,2,3,0,1,0,4,3,1
1,33,0,3,3,0,2,0,2,0,0
0,52,1,3,4,0,2,0,5,16,17
0,21,0,4,2,0,1,0,4,6,3
0,25,1,2,2,0,2,0,4,2,2
1,22,0,1,2,0,1,1,3,20,22
1,41,0,2,2,1,3,1,4,2,0
0,54,1,2,4,0,2,0,4,0,0
0,57,0,2,3,1,2,0,4,1,4
1,48,0,2,2,0,2,0,3,0,0
1,61,0,3,2,0,2,0,4,0,0
0,65,0,3,4,0,1,0,5,0,0
0,56,1,3,4,0,2,0,3,0,0
1,59,1,3,2,0,2,0,4,0,0
0,42,1,2,3,0,2,0,4,9,2
0,32,0,2,4,1,2,0,2,19,12
0,61,0,3,4,0,1,0,4,2,3
0,67,1,3,4,0,2,0,5,0,0
1,27,1,3,2,0,2,1,2,0,0
1,26,1,3,2,0,2,1,3,8,7
1,28,0,3,1,0,2,0,2,0,0
0,27,1,3,2,1,1,0,3,0,0
0,55,0,3,3,0,2,0,3,0,0
1,20,1,3,2,1,2,1,3,18,21
1,45,1,3,2,1,2,0,5,9,9
1,28,0,3,2,0,1,0,3,0,0
0,27,1,3,3,0,3,0,3,0,0
0,63,1,2,2,0,1,0,3,0,0
0,20,1,3,4,0,2,0,1,6,10
1,32,1,3,2,0,1,0,3,6,5
1,42,1,1,2,0,3,0,4,3,3
1,54,0,2,4,0,2,0,5,0,0
0,31,0,3,3,0,1,0,5,0,0
0,50,0,4,3,0,2,0,3,8,1
1,47,0,1,4,0,4,0,1,4,4
1,63,0,3,3,0,2,0,2,0,0
1,37,0,3,2,0,2,0,2,1,1
0,25,0,2,2,0,2,0,1,2,0
0,51,0,3,3,0,2,0,5,0,0
1,26,1,3,3,0,1,0,4,0,5
1,34,0,3,3,0,1,0,2,22,19
1,21,0,3,2,0,2,0,4,0,0
1,26,0,2,2,0,2,0,3,0,0
0,46,1,3,3,0,2,0,3,0,2
0,25,1,1,4,0,2,0,4,4,11
1,31,1,4,4,1,2,0,4,15,19
1,48,0,1,1,0,4,0,4,0,0
0,61,0,2,4,0,3,0,4,10,4
0,33,1,4,3,0,1,0,4,25,25
0,68,0,3,4,0,2,0,4,0,0
0,68,0,3,2,0,2,0,4,0,0
0,65,0,2,3,0,2,0,3,4,4
0,52,1,3,2,0,1,0,3,0,0
0,28,1,3,3,0,1,0,4,0,0
0,18,0,3,3,0,1,0,4,0,0
0,55,0,3,2,0,2,0,4,0,0
1,28,0,2,2,1,2,0,3,1,1
0,48,0,3,4,0,2,0,5,1,6
1,33,0,3,1,1,2,0,3,0,0
0,41,0,2,3,0,2,0,4,1,0
0,42,0,2,2,0,3,0,3,0,0
1,26,1,2,3,0,2,0,3,2,2
1,47,0,4,3,0,2,1,4,0,0
0,47,0,2,4,0,2,0,2,0,0
0,55,0,2,4,0,2,0,2,4,6
0,29,1,3,4,0,1,0,2,2,10
1,37,1,3,2,1,1,0,3,1,1
1,35,0,4,2,0,2,0,3,0,0
0,65,0,2,4,0,2,0,4,9,12
1,54,0,2,3,0,2,0,5,1,0
1,48,0,2,2,0,2,0,2,0,0
1,22,0,3,1,1,3,0,3,0,0
1,21,1,2,3,1,1,0,4,5,2
1,19,0,2,1,0,2,0,1,0,0
0,33,1,3,2,0,2,0,4,0,0
0,56,0,2,2,0,2,0,2,1,2
0,21,1,3,4,0,2,0,3,11,18
0,60,0,3,4,0,4,0,3,0,0
1,36,1,3,1,0,3,0,3,0,0
0,49,1,3,3,1,2,0,4,15,17
0,56,0,3,1,0,1,0,3,0,0
1,67,1,2,3,0,2,0,2,0,2
1,48,0,3,3,1,2,0,3,0,0
0,51,1,3,4,0,1,0,4,8,11
0,60,0,3,2,0,2,0,4,0,0
1,20,0,3,1,0,2,0,3,0,0
1,52,1,3,3,0,2,0,4,7,7
1,27,1,3,4,0,1,0,4,4,11
1,47,0,3,3,0,2,0,4,0,0
1,55,0,3,2,0,2,0,4,0,0
0,60,0,3,2,0,2,0,3,0,0
1,49,0,5,3,0,1,0,4,0,2
0,36,1,3,2,0,1,0,3,0,0
0,54,0,1,1,0,1,0,3,1,1
1,28,1,3,3,0,1,0,4,2,1
0,27,1,4,2,0,1,0,1,3,1
0,56,0,3,3,0,1,0,4,1,1
0,48,0,3,3,0,2,0,3,2,2
0,64,0,4,4,0,1,0,4,0,0
0,28,0,3,2,0,1,0,4,0,0
1,22,1,3,4,0,2,0,4,5,0
1,48,0,1,4,0,4,0,3,12,4
0,54,0,3,1,0,2,0,3,0,2
0,68,0,5,3,0,1,0,5,1,1
0,63,0,3,4,0,1,0,4,4,1
1,33,1,3,2,1,2,0,1,0,0
1,61,0,3,2,0,2,0,4,0,0
0,40,1,3,3,0,2,0,3,0,0
1,42,1,3,2,0,1,0,1,0,1
0,22,0,3,3,0,2,0,3,0,0
1,57,0,2,4,0,2,0,1,3,2
1,38,1,4,2,0,1,0,4,0,1
0,35,1,3,3,0,1,0,2,3,1
1,38,0,2,1,0,2,0,2,0,0
1,49,1,1,2,0,3,0,4,1,1
0,29,1,4,3,0,1,0,3,0,1
0,55,1,2,3,1,2,0,4,0,0
0,63,1,3,4,0,1,0,4,11,6
0,50,0,3,3,0,2,0,3,0,0
1,60,0,3,3,0,1,0,4,0,0
0,51,1,4,3,1,1,0,4,0,4
1,24,1,3,2,0,2,0,2,0,0
0,45,1,2,2,0,1,0,5,0,0
0,57,1,3,4,0,1,0,5,11,10
1,66,0,3,3,0,2,0,4,0,0
0,23,0,3,3,0,2,0,3,0,0
0,54,1,3,3,0,2,0,5,0,0
1,44,0,3,3,1,2,0,2,0,0
1,19,1,3,3,0,2,0,3,1,2
1,59,0,2,2,0,4,0,3,0,0
0,61,1,1,3,1,3,0,4,17,23
0,20,1,3,3,0,2,1,4,1,2
1,18,1,4,4,0,2,0,2,8,10
1,58,0,3,2,0,2,0,2,0,0
1,20,1,2,2,0,1,0,4,3,1
1,31,1,3,3,0,1,0,3,14,12
0,63,1,3,4,0,1,0,3,0,0
1,48,0,3,3,0,2,0,4,0,0
0,56,0,2,3,0,2,0,3,0,0
1,43,0,3,2,0,2,0,3,0,1
1,48,0,3,1,0,2,0,1,0,0
1,46,1,3,3,0,2,0,5,10,9
0,57,1,1,4,0,4,0,5,0,0
0,67,1,2,4,1,2,0,3,7,7
1,33,1,3,4,1,1,0,4,14,15
0,27,1,4,4,1,2,1,4,8,6
0,50,1,3,3,0,3,0,3,0,4
1,48,0,1,2,0,4,0,1,0,3
0,69,0,3,3,0,2,0,4,0,0
1,37,1,3,3,0,1,0,4,1,3
0,30,1,3,3,0,1,0,3,32,32
0,54,1,1,4,0,2,0,2,0,0
0,49,0,5,3,0,1,0,4,0,0
1,45,0,3,3,0,1,0,4,3,0
0,43,1,2,4,1,2,0,4,1,6
1,44,0,2,3,1,3,0,3,0,0
1,49,0,3,3,1,2,1,3,0,8
0,61,0,1,2,0,4,0,2,0,0
0,62,0,2,2,0,3,0,4,2,0
0,20,0,2,3,0,1,0,5,0,0
0,61,0,3,2,1,2,0,2,4,9
1,31,1,3,3,1,2,0,4,1,1
1,24,0,2,3,1,2,0,4,16,14
0,50,0,3,3,0,2,0,3,0,2
1,65,1,2,2,0,2,0,4,0,0
1,46,0,2,1,0,4,0,1,0,0
1,62,1,2,1,0,2,0,3,0,0
1,26,0,3,1,0,2,0,2,2,2
0,55,0,5,3,0,1,0,4,5,2
0,55,0,3,3,0,2,0,5,4,3
0,50,0,3,3,0,2,0,3,0,0
0,52,0,3,2,0,2,0,2,0,0
1,42,0,3,3,1,1,0,2,2,0
0,50,0,2,2,0,3,0,4,0,0
0,27,1,2,3,0,2,0,3,4,5
0,52,0,2,2,0,2,0,2,0,2
0,58,0,5,1,0,1,0,5,0,0
1,69,1,3,4,0,2,0,4,0,0
1,19,1,2,3,0,1,0,4,0,0
1,26,1,4,2,0,2,0,3,0,1
0,60,0,3,2,0,3,0,2,0,0
0,59,0,2,1,0,2,0,2,0,0
0,60,0,3,2,0,2,0,4,0,0
0,56,0,2,3,0,2,0,4,0,0
0,40,1,2,4,1,2,0,4,9,0
1,35,1,3,2,1,1,0,4,0,0
0,51,0,2,3,0,3,0,3,0,0
1,36,1,3,4,0,1,0,4,0,0
0,56,1,3,3,0,2,0,4,0,0
0,59,0,3,2,0,2,0,4,0,0
0,46,0,2,2,0,3,0,1,0,1
1,48,0,3,3,0,3,0,1,0,0
1,42,1,3,2,1,1,0,2,8,12
1,42,1,3,2,1,1,0,3,0,0
0,22,1,3,3,0,2,0,3,2,0
1,54,0,2,2,0,2,0,5,0,0
0,31,0,3,1,0,2,0,3,16,16
1,42,0,1,1,0,2,0,1,0,0
0,64,0,3,2,0,4,0,3,0,0
1,37,0,3,2,0,2,0,3,0,0
0,69,0,3,2,0,2,0,3,2,2
1,19,0,3,1,0,2,0,4,2,0
1,49,0,3,3,0,2,0,4,0,0
1,45,1,2,3,0,3,0,3,0,0
1,53,1,2,4,0,1,0,3,3,3
0,68,0,2,3,1,2,0,3,0,0
1,62,0,3,3,0,2,0,4,0,0
1,34,0,2,3,1,2,0,2,2,1
0,55,0,3,4,0,2,0,3,3,3
1,26,1,2,2,0,1,0,2,0,2
0,68,1,3,4,0,2,0,4,9,7
0,52,1,2,4,1,3,0,4,2,2
0,65,0,3,2,0,3,0,5,0,0
1,44,1,3,3,0,1,0,4,0,0
1,45,0,3,4,0,2,0,4,0,0
0,21,1,3,4,0,2,0,5,3,2
1,41,1,3,3,0,2,0,1,0,1
0,36,1,3,3,0,1,0,3,0,0
0,40,1,3,3,0,2,0,4,2,0
1,24,0,2,3,1,2,0,4,4,8
0,65,0,3,2,0,2,0,4,0,0
1,65,0,3,4,0,3,0,4,0,0
0,61,0,3,2,0,2,0,3,0,0
1,48,0,3,2,0,2,0,3,0,0
0,21,1,2,3,0,1,0,3,12,15
0,62,0,3,4,0,1,0,4,0,0
1,61,0,3,1,0,2,0,3,0,0
0,54,0,5,1,0,1,0,5,0,0
0,56,0,2,3,0,3,0,3,1,1
0,66,0,3,3,0,1,0,5,0,0
0,56,0,2,3,0,2,0,3,0,1
1,53,0,3,4,0,2,0,5,2,3
0,61,0,3,3,0,2,0,1,0,0
1,22,0,3,3,1,2,0,3,16,18
1,66,0,3,2,0,1,0,3,2,2
1,37,1,3,3,1,2,0,2,0,7
0,21,0,4,4,0,2,0,5,16,0
1,24,1,3,2,0,2,0,3,5,2
0,44,0,4,1,0,1,0,1,0,0
0,30,0,3,4,0,2,0,3,12,0
1,53,0,3,2,0,2,0,1,0,0
0,18,0,2,3,0,2,0,2,0,1
0,62,1,3,2,0,2,0,4,0,0
0,57,1,2,1,0,2,0,4,0,2
1,54,0,2,4,1,2,0,4,0,0
1,44,0,3,1,0,2,0,1,0,0
0,27,1,1,2,1,1,1,4,28,29
0,58,0,2,2,0,2,0,3,2,1
1,34,0,2,1,0,2,0,2,0,0
0,40,0,3,4,0,3,0,1,1,1
1,67,0,3,3,0,3,0,2,7,9
1,18,0,1,2,0,2,0,1,1,4
0,40,0,2,4,0,4,0,1,2,0
0,59,0,3,2,1,2,0,3,0,0
0,54,1,3,4,0,1,0,4,0,0
0,55,0,2,4,0,2,0,3,2,1
0,22,0,2,3,0,2,0,2,2,1
0,62,0,2,2,0,2,0,2,0,0
0,58,0,3,4,0,2,0,4,13,13
0,63,0,3,3,0,2,0,4,0,0
1,24,1,1,3,0,4,0,2,2,2
1,47,1,3,3,0,1,0,3,4,10
0,67,0,3,3,0,2,0,4,0,0
1,54,0,3,2,0,1,0,3,0,0
1,27,0,3,3,0,3,0,3,0,3
0,37,0,3,3,0,2,0,3,9,9
1,34,0,2,3,1,2,0,2,0,0
0,45,0,3,4,0,2,0,4,0,0
0,24,1,3,2,0,2,0,2,0,0
0,33,1,2,3,0,4,0,2,12,13
0,59,0,3,2,0,2,0,4,0,0
1,27,1,3,2,0,1,0,3,0,0
1,35,1,3,2,1,1,0,1,0,0
1,53,0,3,3,0,3,0,2,11,12
1,55,0,3,3,1,1,0,2,0,0
0,57,0,3,4,0,1,0,3,2,0
0,47,0,3,4,0,1,0,3,4,1
1,30,0,3,2,1,2,0,2,1,1
0,54,1,3,4,0,2,0,3,14,15
0,36,1,3,3,0,1,0,4,24,28
1,22,1,4,2,0,1,1,3,14,13
0,35,0,4,3,0,2,0,3,0,0
1,30,1,2,3,0,2,0,3,0,0
0,53,0,3,3,0,2,0,4,0,0
1,30,1,3,3,0,2,0,3,4,4
1,57,0,3,1,0,2,0,3,0,0
0,57,0,3,2,0,1,0,3,1,0
1,33,0,5,1,0,1,0,5,4,1
0,54,1,2,4,0,1,0,4,0,0
0,19,0,3,3,0,3,0,4,14,16
1,49,0,3,3,0,2,0,3,1,0
0,63,0,3,3,0,2,0,3,0,0
1,34,1,2,2,0,1,0,4,6,2
0,59,1,3,3,0,1,0,4,1,3
0,64,0,3,2,0,2,0,5,0,0
0,41,1,3,2,0,1,0,3,0,0
0,24,1,5,3,0,2,0,3,0,0
0,54,0,3,2,0,3,0,3,0,0
1,27,0,2,2,0,2,0,3,2,4
0,33,0,3,1,0,1,0,3,0,0
1,30,0,3,2,0,2,0,4,4,0
0,40,0,3,1,0,2,1,3,16,1
0,59,0,2,4,0,2,0,3,0,0
1,47,0,1,1,1,3,0,3,0,0
1,37,0,2,3,1,2,0,2,0,0
1,37,1,3,3,0,1,0,3,1,3
0,49,1,3,4,1,1,0,5,0,0
0,62,1,1,4,1,2,0,3,0,2
0,63,1,3,3,1,1,0,4,2,1
1,44,0,4,3,0,1,0,4,14,6
0,33,0,3,1,0,2,0,2,14,14
0,63,0,2,4,0,2,0,3,10,4
1,59,0,2,2,0,2,0,2,1,3
0,52,1,3,4,1,4,0,3,0,1
1,59,0,3,4,0,3,0,3,4,0
0,34,0,3,3,1,2,0,4,20,2
1,41,0,3,2,0,1,1,4,0,0
0,27,0,3,2,0,2,0,4,0,1
1,44,0,3,2,0,1,0,4,0,0
1,57,0,4,1,0,1,1,3,0,0
0,37,1,5,4,0,2,0,5,0,0
0,36,0,2,3,1,2,0,3,4,3
0,21,0,2,3,0,2,0,3,5,5
1,55,0,3,4,0,1,0,4,3,0
1,28,1,3,3,0,4,0,3,0,0
1,22,1,3,1,0,2,0,4,0,0
0,67,0,3,1,0,2,0,4,0,0
1,47,0,3,3,0,1,0,3,0,0
0,21,0,3,2,0,2,0,3,8,13
1,41,0,3,1,0,2,0,2,1,1
1,39,0,2,2,1,2,1,3,6,6
1,58,0,3,3,0,2,0,4,0,0
1,23,1,2,2,0,2,0,3,0,0
0,61,0,3,3,0,2,0,4,0,0
1,57,0,3,1,0,2,0,2,0,0
1,53,1,2,2,0,1,0,4,0,0
1,54,0,2,3,0,4,0,3,5,7
1,53,0,1,2,0,4,0,1,1,0
1,34,0,3,4,0,2,0,4,0,0
1,48,0,3,1,0,2,0,4,0,0
1,27,0,3,2,1,2,0,3,0,0
0,53,0,3,3,0,2,0,4,1,0
1,34,0,4,2,1,2,0,3,0,0
1,40,0,3,4,0,1,0,2,2,1
1,35,1,2,2,1,2,0,4,2,2
1,28,0,2,3,1,2,0,3,2,1
1,49,0,2,2,0,2,0,4,0,0
1,49,0,2,3,0,3,0,5,3,0
0,22,1,2,2,0,2,0,3,0,2
1,26,1,4,2,0,2,1,5,0,0
1,39,1,3,2,0,1,0,4,0,0
0,62,0,3,2,0,2,0,4,0,0
1,64,0,3,4,0,3,0,4,2,2
0,23,1,4,3,0,2,0,3,23,20
0,39,0,3,3,0,1,0,4,0,0
1,58,0,3,1,0,2,0,4,0,0
1,31,0,2,2,1,2,0,2,0,0
0,68,0,3,3,0,3,0,4,0,0
0,37,0,3,3,0,2,0,3,13,6
1,54,0,4,2,0,2,0,3,0,0
0,60,1,3,3,0,2,0,4,1,3
0,48,1,3,3,0,1,0,4,2,4
1,51,1,3,1,0,2,0,1,0,0
1,61,0,3,3,0,2,0,4,0,0
0,67,0,3,3,0,1,0,5,0,0
0,63,0,3,3,0,2,0,4,0,0
1,30,0,3,2,1,2,0,3,2,2
0,58,0,3,4,0,4,0,3,0,0
1,51,0,2,4,0,2,0,2,0,0
0,51,0,3,3,0,2,0,3,0,0
1,39,1,3,4,0,1,0,4,6,4
1,23,1,2,3,0,2,0,3,3,3
0,38,1,2,2,0,1,1,4,6,10
1,61,0,2,2,0,2,0,4,0,0
1,43,1,3,2,1,2,0,3,0,0
0,37,0,3,3,0,2,0,3,0,1
1,35,0,3,2,0,2,0,3,16,9
1,29,1,3,2,0,3,0,2,0,1
0,56,0,3,2,0,3,0,1,0,5
1,66,1,3,3,0,2,0,3,5,5
1,68,1,3,3,0,2,0,2,0,0
0,24,0,2,2,0,3,1,4,19,21
0,37,0,2,3,0,2,0,5,0,0
0,58,0,4,2,0,1,0,3,0,0
0,24,0,3,2,0,2,0,2,0,0
0,55,1,3,3,0,1,0,4,0,0
1,33,0,3,2,1,2,0,2,3,0
0,51,0,3,3,0,1,0,4,0,1
1,19,0,2,2,0,3,0,2,1,1
1,42,1,3,2,0,2,0,4,1,2
1,57,0,3,3,0,2,1,3,0,0
1,49,0,3,3,0,2,0,4,2,2
0,28,1,3,3,0,2,0,3,0,0
1,29,0,2,2,1,3,0,4,2,2
1,43,1,2,2,0,2,0,4,0,0
0,56,0,3,2,0,2,0,4,0,0
0,57,1,2,2,0,3,0,3,0,0
1,27,1,3,3,0,2,0,2,0,0
1,34,1,3,3,1,2,0,4,0,0
0,51,0,2,4,0,2,0,4,1,2
0,50,0,3,3,1,2,0,3,10,16
1,45,0,3,3,0,2,0,3,7,7
1,22,1,3,3,0,1,0,3,0,0
1,32,0,3,1,0,2,0,4,2,0
1,48,1,3,4,0,1,0,4,0,2
0,48,0,3,4,0,2,0,2,17,21
1,22,1,3,2,0,1,0,2,0,0
0,61,0,3,2,0,2,0,3,0,0
1,52,0,3,3,0,3,0,3,15,15
1,60,0,3,2,0,2,0,3,0,0
0,32,0,3,3,0,2,0,2,0,0
0,56,0,3,3,0,1,0,3,1,2
1,60,0,3,3,0,3,0,4,0,0
1,47,1,2,2,1,2,0,5,5,8
1,21,0,2,2,0,2,0,1,0,0
1,30,1,2,1,0,2,0,3,0,0
0,55,1,2,3,0,1,0,4,1,2
1,25,1,2,3,0,2,0,3,10,2
0,48,1,3,4,0,1,0,4,0,1
1,38,0,3,1,0,2,0,2,0,0
1,22,1,2,3,0,1,0,1,0,0
1,23,0,2,2,0,3,0,2,1,0
1,47,0,1,3,0,1,1,3,13,17
0,64,0,2,2,0,3,0,4,1,1
1,47,1,2,1,0,2,0,4,0,0
0,68,1,3,4,0,2,0,4,3,7
1,28,1,3,2,0,2,1,4,2,2
0,52,1,3,4,0,2,0,4,24,21
0,23,0,3,1,0,2,0,5,0,0
1,28,1,3,3,0,1,0,4,1,1
0,53,1,3,2,0,1,0,3,1,0
0,62,0,2,3,0,1,0,2,5,8
0,66,0,3,3,0,1,0,4,0,0
0,45,1,5,2,0,1,0,3,0,0
0,51,0,4,2,0,1,1,2,9,9
1,53,0,3,3,0,2,0,4,0,0
0,54,0,3,3,1,3,0,3,6,6
0,46,1,3,4,0,1,0,5,2,0
1,42,0,2,2,0,2,0,2,0,0
0,49,0,2,2,1,3,0,4,1,3
0,60,0,1,2,0,2,1,4,1,0
0,69,1,3,3,0,2,0,3,0,0
1,28,0,3,3,1,2,0,3,13,9
0,65,0,3,3,1,2,0,3,4,10
0,56,1,3,3,0,2,0,4,4,8
0,62,0,3,2,0,2,0,4,1,0
0,59,0,3,3,0,2,0,3,1,4
0,33,0,3,3,0,2,0,3,26,16
0,63,0,3,4,0,3,0,5,15,15
1,26,0,3,2,1,1,0,2,0,0
0,23,0,5,2,0,2,1,3,10,14
0,57,0,3,3,0,1,0,4,1,1
1,28,0,2,1,1,1,0,4,0,0
1,32,1,5,3,1,1,1,4,29,28
1,27,1,3,2,0,2,0,5,0,0
1,22,1,3,3,0,1,0,4,0,0
0,59,1,4,3,0,1,0,4,0,0
0,39,1,3,4,0,2,0,4,0,0
0,54,0,2,3,0,3,0,4,1,0
1,23,1,2,3,0,3,0,3,3,7
0,32,1,3,3,0,1,0,4,1,2
1,43,0,1,3,1,3,0,3,0,0
1,23,0,3,1,0,1,0,3,2,2
0,60,0,2,4,0,2,0,4,5,2
1,56,0,3,2,0,2,0,3,0,0
0,38,1,5,3,0,1,0,4,0,0
0,20,0,1,2,0,2,1,5,22,23
0,27,1,3,3,1,1,0,5,0,0
0,30,0,3,3,0,1,0,4,0,0
1,28,0,2,2,0,2,0,3,1,1
0,51,0,2,2,0,2,0,4,0,0
0,52,0,2,2,0,3,0,1,0,0
0,68,0,3,3,0,2,0,4,0,0
1,58,0,3,3,0,2,0,3,0,0
0,66,1,3,4,0,2,0,4,4,11
1,49,1,2,2,1,2,0,2,4,0
1,31,0,3,3,0,2,0,5,0,0
0,48,0,3,3,0,2,0,3,0,0
0,53,0,1,3,0,3,0,3,0,0
1,65,1,3,2,0,1,0,3,0,0
1,46,0,2,1,0,3,0,2,0,0
0,43,1,2,3,0,3,0,3,0,1
1,66,0,4,4,0,1,0,4,0,0
0,53,0,2,2,0,2,0,3,0,0
0,20,1,4,3,1,2,1,4,17,19
0,59,0,3,1,0,1,0,5,0,0
0,22,1,2,2,0,3,0,4,1,1
1,29,0,2,4,1,1,0,1,0,0
1,47,0,3,2,0,2,0,3,0,1
1,30,0,3,2,0,1,0,2,0,0
1,23,1,1,4,1,2,1,3,16,16
1,33,0,3,2,1,3,1,1,0,0
0,57,1,3,3,0,1,0,4,0,0
0,52,0,3,3,0,2,0,3,0,0
1,39,0,5,4,0,2,0,5,4,4
0,52,1,2,3,0,2,0,4,5,6
1,49,0,4,2,0,2,0,3,0,0
1,21,1,3,1,1,4,1,2,0,2
0,69,0,3,2,0,2,0,4,0,1
0,39,0,3,3,0,2,0,4,0,1
0,34,0,2,3,0,2,0,3,1,0
0,63,0,1,3,0,4,0,5,0,0
0,55,0,3,4,0,2,0,4,0,5
0,65,0,3,4,0,2,0,3,0,0
1,61,0,3,2,0,1,0,5,2,2
1,56,0,3,3,0,2,0,3,0,0
0,25,0,3,3,0,2,0,2,1,3
1,42,0,3,3,0,1,0,5,9,6
0,61,0,3,2,0,3,0,4,0,0
0,58,0,3,1,0,1,0,4,0,0
1,52,0,3,2,0,1,0,3,0,0
0,31,1,3,3,0,1,0,5,3,3
0,28,1,3,4,0,1,0,3,5,7
0,26,1,3,3,0,2,0,4,0,0
1,51,0,3,2,0,2,0,2,0,1
0,55,0,3,2,0,2,0,3,0,0
0,45,0,2,4,0,3,0,3,3,5
0,63,0,3,2,0,2,0,4,0,0
1,51,1,3,3,0,1,0,5,0,0
0,27,1,3,3,0,1,0,3,0,0
0,66,0,3,2,0,1,0,5,0,0
0,57,0,2,4,0,2,0,2,0,0
0,19,1,3,2,0,2,0,3,3,3
1,46,0,3,3,0,2,0,3,0,0
0,23,0,2,4,0,3,0,3,10,10
0,40,1,3,4,1,2,0,5,0,0
0,18,0,2,3,0,3,0,3,0,0
1,44,0,3,2,1,3,0,3,2,7
1,39,0,3,2,1,2,0,3,0,1
0,58,0,3,4,0,4,0,3,2,2
1,30,0,3,1,0,1,0,2,0,0
0,66,0,3,2,0,2,0,5,0,0
0,32,0,3,3,0,2,0,3,16,16
1,48,0,2,2,0,3,0,1,0,0
0,51,0,3,2,0,3,0,1,4,5
0,38,0,3,2,1,2,0,3,2,1
0,32,0,1,3,0,2,0,3,0,0
1,20,1,3,3,0,2,0,3,22,11
0,68,0,3,3,0,2,0,3,3,2
1,30,0,3,2,0,2,0,2,2,1
1,23,1,4,2,0,1,0,4,0,0
0,54,0,3,3,0,1,0,3,2,3
1,41,0,3,1,0,2,0,2,0,0
1,41,1,2,3,0,2,0,2,18,27
0,52,0,3,3,0,4,0,1,0,0
1,44,0,2,2,1,2,0,4,2,4
0,55,1,2,3,0,2,0,3,0,0
0,60,0,2,3,0,3,0,3,0,0
1,41,0,3,2,1,1,0,4,2,2
0,54,1,3,2,0,2,0,3,0,0
1,41,0,2,2,0,1,0,4,0,0
1,20,1,2,3,0,2,0,3,14,13
0,56,1,3,4,0,1,0,5,5,4
1,32,1,3,4,0,1,0,2,0,0
1,58,1,3,2,0,2,0,3,0,0
0,61,0,3,2,0,2,0,5,1,1
0,65,0,3,3,0,2,0,5,1,0
0,38,1,4,3,1,1,1,3,20,21
1,64,0,3,2,0,3,0,3,0,0
1,49,0,1,1,1,4,0,3,0,0
1,30,0,2,1,0,2,0,4,0,0
0,22,0,1,1,0,2,0,1,0,0
0,67,0,3,3,0,2,0,4,2,2
1,44,0,3,2,1,1,0,2,0,0
0,33,0,3,1,0,1,0,3,16,16
0,69,1,2,4,0,2,0,4,1,1
0,66,0,3,3,0,2,0,4,0,0
1,37,0,2,2,1,2,0,4,0,0
1,67,1,3,2,0,2,0,4,0,0
1,35,0,2,3,1,2,0,3,16,16
0,31,0,3,2,0,2,0,5,0,0
1,32,0,3,2,0,2,0,4,0,0
0,42,0,3,3,0,2,0,3,0,0
0,28,1,4,4,1,2,0,3,17,18
1,42,0,3,1,1,2,0,3,0,0
1,42,0,4,3,0,1,0,2,0,0
0,27,1,3,3,0,1,0,3,0,0
1,52,1,2,4,0,3,0,4,20,11
1,34,0,3,3,1,2,0,4,4,3
0,55,1,2,3,0,2,0,4,0,0
1,49,0,1,1,0,1,0,3,17,25
1,56,1,3,4,0,2,0,2,0,2
0,24,1,1,2,0,1,0,5,1,0
1,26,0,3,1,0,2,0,3,0,0
0,23,0,3,3,1,2,1,3,12,17
0,32,1,3,4,0,2,0,4,3,8
1,35,0,3,2,0,3,0,3,0,0
0,58,0,2,3,0,3,0,3,0,0
1,51,0,2,3,0,2,0,5,0,0
1,18,0,2,1,0,4,0,1,0,0
1,46,1,1,3,1,2,0,3,0,1
1,26,1,3,3,0,2,0,4,27,26
1,66,0,5,3,0,2,0,4,0,16
1,22,0,1,2,0,3,0,2,0,0
1,41,1,3,4,1,1,0,3,5,12
1,21,1,3,2,0,2,0,4,6,8
1,56,1,2,3,0,2,0,3,1,2
1,37,0,3,1,0,2,0,3,2,0
0,56,0,3,3,0,2,0,3,0,0
0,21,1,4,2,1,1,0,4,11,12
0,26,0,4,2,0,2,0,3,1,2
0,59,0,3,3,0,1,0,4,0,0
0,67,1,2,3,0,3,0,3,0,0
0,65,0,3,3,0,1,0,3,0,0
0,65,0,3,4,0,2,0,5,2,0
1,50,1,3,4,1,2,0,5,0,6
1,46,0,3,1,0,2,0,4,0,0
0,66,0,4,3,0,2,0,4,1,1
1,48,0,3,2,0,1,0,5,0,0
1,48,0,2,2,0,2,0,3,3,1
0,56,0,3,2,0,2,0,4,1,1
0,54,0,2,1,0,1,0,3,0,0
1,46,1,3,4,0,2,0,3,0,2
1,21,1,2,2,0,1,0,4,1,1
1,18,1,2,1,0,2,0,2,0,0
0,44,0,3,3,0,3,0,3,0,0
1,41,0,3,3,0,2,0,1,0,1
1,45,1,1,4,1,4,0,4,4,4
0,52,0,4,3,0,2,0,4,0,0
0,59,0,3,3,0,2,0,3,10,8
1,50,0,1,1,0,4,0,2,0,0
0,28,0,2,2,0,2,0,2,1,0
0,51,0,3,4,0,3,0,3,0,2
1,37,1,4,4,0,1,0,4,2,0
0,25,0,3,3,0,2,0,2,16,16
1,28,1,3,3,1,2,0,4,6,7
1,41,1,1,2,0,2,0,4,1,3
0,21,1,3,3,0,1,0,4,3,3
1,45,0,1,1,0,1,0,5,16,2
1,25,1,3,4,0,2,0,4,3,10
0,67,0,3,4,1,2,0,4,0,0
1,29,1,3,3,1,2,0,5,8,8
1,54,0,3,2,0,2,0,2,0,0
0,39,0,3,1,0,2,0,4,0,1
0,54,1,2,3,0,2,0,4,0,0
0,64,1,2,3,0,2,0,4,2,3
1,49,0,2,1,0,3,0,2,1,0
0,49,1,3,4,0,2,0,3,3,2
0,24,0,3,2,0,1,0,4,5,11
1,69,0,3,3,0,2,0,4,3,3
0,61,0,3,4,0,2,0,3,6,5
1,43,0,2,3,0,1,0,1,4,1
1,34,1,3,2,1,2,0,3,4,5
1,28,0,2,2,1,2,0,4,7,6
0,59,0,3,3,0,1,0,5,3,1
0,56,1,1,1,0,4,0,4,4,1
1,66,1,3,3,0,2,0,3,0,1
1,28,1,3,2,0,2,0,2,3,1
0,26,1,3,2,1,2,1,3,16,16
0,22,1,2,4,0,1,0,5,0,0
0,43,0,3,1,0,4,0,3,0,0
0,20,1,1,3,1,2,1,4,19,23
0,51,0,3,4,0,2,0,3,0,0
1,50,1,2,2,0,1,0,4,0,0
0,67,0,3,3,0,2,0,4,2,0
1,57,1,2,1,0,2,0,4,0,0
0,63,0,3,3,0,2,0,5,0,0
0,56,0,2,2,1,3,0,4,1,0
0,55,0,2,2,1,2,0,3,0,0
0,24,1,3,4,0,2,0,1,8,9
1,29,0,3,1,1,3,0,4,6,1
1,49,0,3,2,0,2,0,3,2,1
1,53,0,2,1,0,2,0,4,0,0
1,57,0,3,3,0,2,0,4,1,1
0,62,0,2,3,0,3,0,3,0,0
1,44,0,3,3,1,2,0,3,4,4
1,62,0,3,3,0,2,0,5,0,0
0,58,0,2,3,0,2,0,4,19,16
0,22,1,3,2,0,2,1,3,0,0
1,21,1,2,2,0,2,0,2,0,2
1,31,0,3,3,0,1,0,5,4,7
1,28,0,3,2,1,1,0,2,0,0
1,21,1,3,3,0,1,0,4,2,2
0,57,0,3,4,0,1,0,2,0,0
1,65,0,2,3,0,3,0,3,0,0
1,54,0,3,1,0,3,0,4,0,0
0,62,0,3,4,0,1,0,4,2,0
1,31,1,3,3,1,1,0,3,0,0
1,31,0,3,2,0,1,0,2,0,0
0,54,0,3,3,1,2,0,3,0,0
1,28,0,2,3,1,3,0,4,1,1
1,59,0,3,3,0,3,0,1,1,1
1,23,1,3,1,0,2,0,3,0,0
1,53,0,3,1,0,4,0,1,0,0
0,37,0,3,3,0,2,0,4,0,0
0,54,0,3,3,0,2,0,4,0,0
1,46,0,3,2,0,2,0,4,0,2
0,30,0,3,2,0,4,1,2,0,0
1,52,0,3,3,0,2,0,3,0,0
1,59,0,3,3,0,2,0,4,4,7
1,32,0,4,2,0,2,0,4,0,0
0,33,1,3,3,0,2,0,4,0,6
1,66,0,2,2,0,2,0,3,1,0
0,53,0,4,2,0,2,0,3,1,0
1,63,0,3,2,0,3,0,3,0,0
1,24,1,3,2,0,2,0,3,1,1
0,64,0,3,3,0,3,0,2,0,0
1,49,1,4,2,0,2,0,4,14,14
1,48,0,2,1,0,3,0,2,0,0
1,37,0,2,1,0,2,0,4,0,0
0,60,0,2,3,1,3,0,4,0,0
0,23,1,3,4,1,2,0,4,0,0
0,26,0,3,4,0,2,0,2,0,0
1,42,0,2,2,0,2,0,3,0,0
1,28,1,3,3,0,1,0,2,0,1
1,51,0,1,2,0,3,0,3,0,0
1,67,1,3,3,0,1,0,4,2,0
0,54,0,2,3,0,3,0,5,0,0
0,19,0,3,3,0,1,0,3,7,7
1,37,0,2,1,0,4,0,4,0,0
0,52,0,1,3,0,4,0,4,2,0
1,52,0,3,2,0,2,0,1,0,0
1,42,0,3,1,0,2,0,3,0,1
1,44,0,3,4,0,2,0,4,1,0
1,47,0,2,2,1,2,0,2,0,0
0,59,1,3,4,0,1,0,3,9,13
0,54,0,3,2,0,2,0,4,0,0
0,26,1,2,3,0,2,0,4,0,0
0,29,0,3,2,0,1,0,5,0,0
0,63,0,2,3,0,2,0,4,2,2
1,26,0,3,2,0,4,0,1,8,4
0,40,0,3,1,0,2,0,2,0,0
1,22,0,3,2,0,1,1,3,0,0
1,38,1,4,3,0,2,0,4,2,2
0,66,0,3,3,0,2,0,3,5,5
0,19,0,3,2,0,1,0,1,0,0
0,31,0,2,3,0,2,0,4,6,6
1,36,1,3,3,1,1,0,4,0,0
1,53,0,5,3,0,1,0,4,0,0
1,66,1,1,3,0,2,0,4,0,0
1,42,0,2,3,0,2,0,4,0,0
0,34,0,3,4,0,2,0,2,11,10
0,52,0,2,3,0,4,0,4,1,0
1,39,1,2,3,1,2,0,2,0,0
1,33,0,1,1,1,3,0,2,1,0
0,52,0,3,3,0,2,0,4,4,3
0,24,0,3,4,0,1,0,4,0,0
0,58,0,2,2,0,2,0,2,1,0
0,36,0,3,3,0,2,0,2,0,1
1,47,0,3,3,0,2,0,5,0,10
1,40,1,2,3,1,2,0,4,0,0
1,29,1,1,2,0,3,0,3,2,2
0,28,1,2,3,0,1,0,3,6,4
0,38,0,2,4,1,1,0,4,14,21
1,63,1,2,2,0,2,0,4,2,2
1,41,0,3,3,1,2,0,4,0,0
0,46,0,3,4,0,2,0,4,0,0
1,25,1,3,1,0,2,0,3,2,0
0,59,0,3,2,0,2,0,4,0,0
0,50,0,3,3,0,2,0,3,11,0
0,57,0,2,3,0,2,0,2,0,0
1,31,0,3,1,0,2,0,2,1,0
1,66,1,2,3,0,2,0,4,1,1
1,32,0,1,4,1,3,0,5,2,0
0,25,1,2,3,0,2,0,3,15,21
0,64,0,2,4,0,2,0,4,0,0
1,63,0,2,3,0,2,0,5,0,0
0,56,1,3,3,0,1,0,4,0,5
0,57,0,3,3,1,4,0,3,3,3
0,68,0,3,2,0,1,0,4,0,0
1,44,0,3,2,0,3,0,3,0,0
0,61,0,3,3,0,2,0,3,1,0
0,66,0,5,3,0,2,0,5,0,0
1,33,0,3,2,1,2,0,4,0,1
0,61,1,3,4,0,3,0,3,0,0
0,59,0,3,3,0,1,0,4,0,0
1,48,0,1,2,0,2,0,4,10,10
1,66,1,3,3,0,1,0,3,0,0
1,34,0,3,2,1,2,0,2,0,0
1,30,1,2,3,0,2,0,4,1,1
0,59,0,3,3,0,2,0,4,0,0
1,28,1,3,2,0,2,0,4,0,0
0,43,1,2,4,1,1,0,3,0,1
0,24,0,3,1,0,2,0,2,0,0
0,32,0,4,3,0,1,1,3,12,16
0,62,1,3,4,0,2,0,4,4,4
1,45,0,3,1,0,2,0,4,3,2
1,65,0,1,3,0,3,0,3,0,0
1,22,0,3,1,1,3,0,4,1,0
1,35,1,3,2,0,1,0,4,0,0
1,32,0,2,2,1,2,0,1,8,0
0,62,0,3,3,0,2,0,1,0,0
1,23,1,3,3,0,2,0,5,0,0
0,53,0,2,3,0,2,0,3,0,0
0,37,0,3,3,0,2,0,3,1,3
0,53,0,3,3,1,2,0,4,0,0
1,34,1,3,2,0,1,0,3,0,0
1,54,0,3,3,0,2,0,3,0,0
1,38,1,3,3,0,2,0,3,0,1
0,38,0,3,3,1,1,0,4,3,2
0,53,0,2,4,0,2,0,4,2,3
1,23,1,3,2,0,2,0,4,0,0
0,56,0,2,2,0,3,0,3,0,0
1,29,1,3,3,0,1,0,3,0,0
1,38,0,3,1,1,1,0,4,0,0
0,61,0,3,3,0,1,0,3,0,2
0,66,1,3,3,0,2,0,3,1,3
1,33,1,2,3,0,1,0,4,5,7
0,51,0,3,3,0,1,0,3,0,0
0,69,0,2,3,0,3,0,2,0,0
1,55,1,2,2,0,3,0,2,4,4
0,48,0,4,3,0,3,0,3,15,14
1,40,0,2,2,0,3,0,4,6,6
0,19,0,3,2,0,1,0,2,20,16
0,23,0,2,2,0,3,0,2,0,0
1,31,1,2,2,0,2,0,3,0,1
1,48,1,2,4,0,1,0,5,4,4
0,38,1,2,4,0,1,0,4,0,0
1,49,0,3,1,0,2,0,3,0,0
1,45,0,3,1,0,2,0,1,0,0
1,48,0,1,3,0,4,0,2,0,0
1,32,0,2,2,0,4,0,4,3,2
0,61,0,2,3,0,2,0,4,1,0
0,62,0,3,3,0,2,0,2,0,0
0,56,0,3,3,0,2,0,3,0,0
1,57,0,3,2,0,1,0,2,0,0
0,52,0,5,4,0,1,0,5,0,5
1,36,0,2,2,0,2,0,3,1,0
0,42,0,4,3,0,3,0,3,0,17
0,26,1,3,2,0,1,0,3,1,0
0,60,1,1,4,0,3,0,5,4,7
0,46,0,3,2,0,3,0,3,0,0
1,48,0,3,2,0,2,0,2,0,0
0,33,1,3,3,0,1,0,3,2,1
1,43,0,1,1,1,4,0,1,0,0
1,24,1,2,2,0,2,0,1,1,2
1,69,0,3,3,0,2,0,4,0,0
0,18,1,3,3,0,1,0,4,0,0
1,48,0,1,4,0,4,0,5,3,3
1,29,1,3,3,0,1,0,1,8,9
1,21,1,3,3,1,2,1,4,6,10
1,27,0,3,2,0,1,0,3,0,1
1,43,0,3,1,0,2,0,3,0,0
1,68,0,3,2,0,2,0,4,2,2
0,41,1,3,3,0,2,1,3,19,17
0,61,0,3,2,0,2,0,4,0,0
0,59,0,3,1,0,2,0,4,0,0
0,38,0,3,3,0,3,0,2,1,1
1,20,1,3,2,0,1,0,3,2,4
0,65,0,2,1,0,2,0,3,0,0
1,43,0,3,2,1,2,0,2,0,0
0,64,0,3,1,0,2,0,4,0,0
1,56,0,3,2,0,1,0,5,25,31
0,21,0,3,3,1,2,0,3,10,20
0,20,1,3,3,0,2,0,2,0,0
0,63,0,3,3,0,2,0,2,0,0
1,61,1,4,3,0,1,0,4,0,0
0,48,1,3,1,0,2,0,4,0,0
0,59,0,3,3,0,2,0,3,0,0
0,23,1,3,4,0,2,0,4,0,0
1,60,0,2,2,0,2,0,4,1,1
1,55,0,3,1,0,2,0,3,0,0
0,40,0,3,3,0,4,0,2,0,0
1,24,1,2,2,0,2,0,2,2,2
0,66,0,3,2,0,1,0,4,0,0
1,59,0,3,2,0,2,0,3,4,2
1,31,1,1,4,0,3,0,1,10,10
0,52,1,3,4,0,2,0,2,0,0
1,46,0,3,1,0,1,0,3,0,0
1,55,0,3,3,0,1,0,3,0,0
0,22,1,3,2,0,2,0,4,0,0
1,42,0,3,2,0,1,0,4,0,1
1,23,0,3,3,0,3,1,3,11,8
0,51,1,3,2,0,1,0,4,0,0
0,58,1,2,2,0,3,0,4,1,0
1,47,0,2,2,1,2,0,3,2,2
1,66,0,3,3,0,3,0,2,6,7
1,55,0,2,2,0,1,0,5,0,0
1,43,0,3,3,0,2,0,3,0,0
1,60,0,3,2,0,1,0,3,0,0
0,57,0,3,3,0,2,0,4,0,0
1,33,1,3,1,1,1,0,2,0,0
0,58,1,2,4,0,2,0,3,5,6
1,25,0,3,3,0,2,0,2,9,13
1,49,0,3,2,0,1,0,4,1,1
1,22,0,3,2,1,1,0,3,0,0
1,59,0,3,1,0,1,0,1,0,0
1,40,0,3,4,0,3,0,1,9,4
1,23,1,3,3,0,2,0,3,1,7
0,58,0,3,3,0,1,0,3,5,4
1,42,1,3,1,0,1,0,5,0,0
0,58,0,3,4,1,2,0,3,0,0
0,50,0,1,4,1,4,0,3,0,0
0,54,0,3,3,0,2,0,3,1,4
0,50,0,3,2,0,2,0,3,1,0
0,67,0,3,4,0,2,0,4,0,0
1,64,0,3,2,0,3,0,2,0,2
0,64,1,1,4,0,2,0,3,1,0
1,40,1,3,1,1,2,0,3,2,3
0,62,0,3,3,0,2,0,4,1,1
1,22,0,2,2,0,2,0,3,1,1
1,53,0,3,3,0,3,0,3,1,5
0,58,0,3,3,0,2,0,3,0,0
0,50,1,2,3,0,2,0,3,1,3
0,42,0,3,3,0,2,0,5,0,0
1,23,0,1,1,0,4,0,2,0,1
0,46,0,3,3,0,2,0,2,1,0
1,69,0,1,3,0,3,0,5,4,4
0,27,0,3,3,0,2,0,4,0,0
1,28,0,4,2,0,2,1,2,12,18
1,23,1,3,2,0,2,0,3,0,0
0,32,0,4,2,0,1,0,3,0,0
0,35,0,2,2,0,3,0,4,0,0
0,29,0,3,1,0,2,0,3,0,0
1,47,0,3,2,0,2,0,1,0,0
0,63,0,3,4,0,2,0,2,0,0
1,62,0,3,2,0,1,0,3,0,0
0,39,0,2,4,0,2,0,5,0,0
1,19,1,3,3,0,1,0,4,0,1
1,54,1,3,3,0,2,0,4,6,14
0,18,0,3,3,1,2,0,3,15,14
0,27,0,2,3,0,1,0,3,19,16
1,43,0,2,2,0,2,0,4,1,0
0,29,1,3,3,0,1,0,4,0,0
0,64,0,3,4,0,2,0,4,1,1
0,61,0,2,1,0,2,0,4,0,0
1,43,0,2,1,1,3,0,4,0,0
1,48,0,5,4,0,1,0,5,0,0
0,60,0,2,2,0,2,0,4,0,0
1,44,0,3,2,0,3,0,3,0,0
0,60,0,3,1,0,4,0,2,0,0
1,45,0,3,1,0,3,0,3,1,1
0,62,0,3,3,0,2,0,4,0,0
1,50,0,3,1,0,2,0,4,0,0
0,30,1,2,3,0,1,1,4,26,25
1,28,1,3,2,0,1,0,3,0,0
0,59,0,3,4,0,2,0,4,0,0
1,20,1,3,3,0,1,0,2,2,1
1,46,0,3,2,0,2,0,3,0,0
1,58,0,3,3,0,1,0,3,0,0
1,48,0,2,3,1,3,0,3,0,0
0,47,0,3,3,0,2,0,4,0,0
0,60,0,4,2,0,1,0,4,0,0
0,51,1,3,4,0,2,0,4,3,0
1,43,1,2,4,1,2,0,3,12,10
0,33,1,3,4,0,2,0,2,1,1
1,62,0,3,3,0,2,0,4,3,3
1,24,1,2,3,0,2,0,5,2,1
1,36,1,3,3,1,2,0,2,0,0
0,66,0,3,3,0,1,0,3,0,0
1,26,1,3,3,0,1,0,2,12,7
1,45,0,3,2,1,2,0,3,0,1
0,40,0,4,3,0,1,0,5,12,15
0,38,0,1,1,1,2,0,5,0,0
1,60,0,3,2,0,3,0,2,0,0
1,43,1,3,2,1,2,0,4,4,4
0,22,0,3,1,0,2,0,2,3,1
1,37,0,2,3,0,3,0,2,0,0
0,22,0,3,3,0,3,0,3,7,2
0,65,0,3,2,0,2,0,4,2,1
0,67,0,3,3,0,1,0,3,0,0
0,39,0,3,4,0,4,0,1,0,0
1,36,1,3,3,0,1,0,5,0,2
1,59,0,3,3,0,2,0,4,0,0
0,56,1,3,3,0,1,0,4,0,0
1,24,1,2,4,0,3,0,4,1,5
0,59,0,3,2,0,1,0,3,4,0
0,65,0,3,3,0,2,0,4,0,0
1,25,1,2,2,0,2,0,2,3,5
1,51,1,3,1,0,3,0,2,0,0
0,50,1,4,4,0,1,0,5,4,5
0,55,0,2,1,1,2,0,4,0,0
0,49,1,2,3,1,2,0,4,6,3
0,30,1,5,3,0,1,0,4,0,0
1,38,0,4,4,1,2,1,4,20,23
1,66,0,3,2,0,2,0,2,0,0
1,47,0,2,2,0,4,0,2,0,0
0,32,1,3,3,0,1,0,2,5,7
1,48,0,3,1,0,1,0,3,0,0
1,25,0,1,1,0,3,0,3,4,0
0,66,0,3,3,0,2,0,4,0,0
1,45,1,1,3,1,2,0,3,3,3
1,50,0,2,3,0,2,0,4,2,2
1,41,1,3,4,0,1,0,4,13,10
1,58,0,3,4,0,1,0,3,8,5
0,69,0,3,3,0,3,0,3,0,0
0,61,0,3,4,0,2,0,3,3,4
1,66,0,3,2,0,2,0,4,7,4
1,43,0,2,2,1,2,0,3,0,0
0,65,1,3,3,0,1,0,4,0,0
0,58,0,2,2,0,2,0,3,2,2
1,57,0,2,3,0,4,0,4,3,4
1,47,0,3,3,0,1,0,3,2,1
0,54,1,2,4,0,2,0,2,2,1
1,42,0,5,4,0,2,0,5,0,0
0,21,1,3,3,0,2,0,3,1,0
1,62,0,3,3,0,3,0,5,0,0
0,27,1,2,3,0,2,1,4,19,19
0,43,1,2,2,0,2,0,4,0,0
1,58,0,3,3,1,2,1,3,16,2
0,61,1,3,3,0,1,0,3,5,5
0,67,0,3,3,0,2,0,3,4,3
1,69,1,3,3,0,2,0,2,9,4
0,59,0,3,3,0,2,0,3,0,0
0,56,0,2,4,0,2,0,4,7,8
0,64,0,3,3,0,2,0,4,0,0
1,29,0,5,3,1,1,0,2,0,0
0,33,0,3,3,1,2,0,3,0,0
0,62,0,2,2,0,2,0,3,0,0
0,54,0,2,3,0,2,0,5,0,0
0,64,0,4,2,0,1,0,4,0,0
0,51,0,3,4,0,2,0,4,0,0
1,34,1,3,2,1,2,0,4,0,1
1,24,0,3,2,1,2,0,3,0,0
1,59,1,3,4,0,2,0,3,0,0
0,65,0,3,4,0,3,0,3,0,0
0,67,0,3,3,0,3,0,4,0,0
0,64,0,2,2,0,2,0,3,3,4
1,58,1,3,3,0,1,0,1,0,0
0,69,0,3,4,0,2,0,3,2,0
0,54,0,1,3,0,4,0,4,0,0
0,46,1,3,3,1,1,0,4,2,2
1,42,1,3,4,0,1,0,2,0,0
1,55,0,2,1,0,3,0,4,1,1
1,35,0,1,1,1,3,0,3,0,0
1,59,0,1,3,0,4,0,3,2,2
0,55,0,4,3,0,1,0,3,1,3
1,34,0,4,3,1,1,1,4,25,26
0,50,0,1,3,0,3,0,2,1,0
0,68,1,3,3,0,2,0,4,0,0
0,68,1,2,3,0,2,0,3,4,4
1,18,1,3,3,0,1,0,3,1,2
0,59,0,3,4,1,1,0,4,2,3
0,52,1,3,3,0,2,0,3,0,0
1,32,0,3,2,0,2,0,3,0,1
1,40,0,1,3,0,4,0,1,0,0
1,30,1,3,1,0,1,0,4,0,0
1,38,1,3,3,0,1,0,3,0,2
1,27,1,2,3,0,2,0,3,3,3
1,31,0,3,3,0,3,0,3,16,16
1,64,1,2,2,0,2,0,3,0,0
0,59,1,3,2,0,1,0,4,0,0
0,19,0,4,3,0,1,0,4,0,0
1,40,0,2,1,0,1,0,4,1,1
1,33,1,3,1,0,2,0,3,0,0
