"","bmi","exercise","TurkMaster","agecat","race_cat","female","income_cat"
"1",22.3142204284668,1,0,2,1,0,3
"2",41.157657623291,1,0,3,1,1,1
"3",18.1776103973389,1,0,1,1,1,1
"4",25.2520275115967,0,0,4,1,0,2
"5",23.7099437713623,1,0,1,1,0,2
"6",22.1121520996094,1,0,1,4,0,1
"7",22.8625640869141,1,0,3,1,1,3
"8",24.4453506469727,1,0,3,4,1,4
"9",37.1225929260254,1,0,2,1,1,2
"10",21.1336879730225,1,0,2,2,1,1
"11",23.6276264190674,1,0,1,1,0,3
"12",19.204553604126,0,0,2,1,1,1
"13",23.0125923156738,NA,0,1,1,0,2
"14",23.9139289855957,1,0,1,1,1,1
"15",23.2969799041748,1,0,2,1,0,1
"16",26.6254901885986,1,0,1,1,1,1
"17",25.8423900604248,1,0,2,1,1,3
"18",26.5810832977295,1,0,1,1,0,4
"19",44.9183311462402,1,0,1,1,0,2
"20",37.9296073913574,1,0,2,3,0,1
"21",22.6739482879639,NA,0,1,4,1,5
"22",27.4978332519531,1,0,4,1,0,1
"23",36.5801010131836,0,0,2,1,1,1
"24",25.6229801177979,0,0,2,1,0,3
"25",26.6083831787109,1,0,1,3,0,1
"26",28.1916980743408,0,0,4,1,0,4
"27",35.2619781494141,1,0,1,1,0,4
"28",33.2005043029785,1,0,1,1,1,2
"29",21.7893486022949,1,0,1,1,0,2
"30",20.7841053009033,0,0,1,1,1,1
"31",23.7478942871094,1,0,3,1,0,2
"32",22.3967361450195,1,0,1,4,0,3
"33",25.8270473480225,1,0,2,3,0,1
"34",26.5444641113281,0,0,2,1,0,1
"35",36.9411697387695,0,0,3,1,0,1
"36",24.3922100067139,1,0,2,1,0,4
"37",25.6229801177979,1,0,1,1,0,4
"38",36.6095390319824,1,0,3,1,0,1
"39",19.3941135406494,1,0,1,1,0,1
"40",22.9573726654053,1,0,1,4,0,1
"41",22.3152389526367,1,0,4,1,0,2
"42",30.2728977203369,0,0,1,1,0,1
"43",21.7882480621338,1,0,1,3,1,1
"44",27.3686256408691,1,0,2,1,0,1
"45",20.5264682769775,1,0,1,1,0,3
"46",31.930061340332,1,0,1,1,0,1
"47",25.84814453125,0,0,1,1,0,4
"48",23.6297931671143,1,0,4,1,1,4
"49",18.0113620758057,1,0,1,4,0,5
"50",22.7415924072266,1,0,2,1,1,3
"51",44.6304779052734,NA,0,1,1,0,2
"52",29.5345363616943,1,0,1,1,0,1
"53",21.6996784210205,1,0,4,1,0,5
"54",20.5977420806885,1,0,2,4,1,1
"55",27.0462112426758,1,0,4,3,0,4
"56",23.7478942871094,1,0,4,4,0,4
"57",27.3972320556641,1,0,4,1,1,3
"58",26.3201713562012,1,0,1,1,0,4
"59",24.2103862762451,1,0,1,4,0,1
"60",25.1043548583984,0,0,1,1,0,1
"61",24.4072933197021,0,0,2,4,0,1
"62",24.2761821746826,1,0,3,4,0,2
"63",23.7523498535156,1,0,1,1,0,3
"64",23.7340240478516,1,0,2,1,0,4
"65",23.9229736328125,1,0,2,1,0,1
"66",22.7099781036377,1,0,1,1,1,4
"67",26.4993476867676,1,0,2,1,0,1
"68",32.2638282775879,0,0,1,1,0,1
"69",24.9610500335693,1,0,1,3,1,1
"70",26.3865489959717,1,0,2,1,0,2
"71",22.3777942657471,1,0,2,1,0,4
"72",28.1916980743408,1,0,3,2,0,3
"73",21.7893486022949,1,0,2,4,0,3
"74",41.9646682739258,1,0,2,1,1,5
"75",22.1067314147949,1,0,1,2,1,1
"76",28.3419628143311,1,0,2,1,0,3
"77",23.7523498535156,1,0,1,1,0,1
"78",22.9573726654053,1,0,1,1,0,3
"79",22.5963611602783,0,0,4,1,1,1
"80",19.9203033447266,1,0,4,1,1,1
"81",18.3091049194336,1,0,1,1,0,1
"82",21.5225391387939,1,0,1,1,0,1
"83",21.7893486022949,0,0,1,4,0,3
"84",18.1311321258545,1,0,1,1,0,1
"85",28.480827331543,0,0,2,4,0,2
"86",33.473705291748,1,0,3,1,0,1
"87",23.7359027862549,1,0,1,1,0,4
"88",21.1092376708984,1,0,1,1,0,3
"89",21.6178894042969,0,0,1,1,1,3
"90",26.5810832977295,1,0,2,1,0,3
"91",25.8423900604248,1,0,1,1,1,3
"92",27.9793014526367,1,0,3,2,1,2
"93",27.1967010498047,1,0,1,1,0,4
"94",21.6996784210205,1,0,1,1,0,1
"95",23.7099437713623,1,0,2,1,0,4
"96",23.9139289855957,1,0,2,1,1,3
"97",36.3972015380859,1,0,2,1,1,4
"98",20.3711261749268,1,0,3,1,1,1
"99",18.4705848693848,1,0,1,1,0,3
"100",20.7254066467285,1,0,4,1,1,4
"101",28.1227836608887,1,0,2,3,0,3
"102",33.6734161376953,1,0,2,1,1,4
"103",25.1043548583984,1,0,2,1,0,1
"104",26.4334087371826,1,0,1,3,0,1
"105",35.2619781494141,0,0,3,1,0,1
"106",21.6329097747803,1,0,1,1,0,1
"107",20.2311573028564,1,0,2,1,1,1
"108",20.8051204681396,0,0,2,1,0,1
"109",20.3606700897217,0,0,2,1,0,1
"110",18.6528663635254,1,0,3,1,1,2
"111",28.0350742340088,1,0,2,1,1,4
"112",20.6233749389648,1,0,2,4,0,4
"113",23.2969799041748,1,0,2,5,1,1
"114",26.3865489959717,1,0,1,1,0,4
"115",22.3777942657471,1,0,1,1,0,1
"116",35.9495010375977,1,0,2,1,0,3
"117",19.485424041748,1,0,4,1,1,5
"118",26.8303909301758,0,0,1,1,1,1
"119",20.7841053009033,1,0,2,2,1,3
"120",19.3683090209961,1,0,4,3,0,1
"121",24.3276653289795,1,0,1,1,1,1
"122",23.7099437713623,1,0,1,1,0,1
"123",31.0112609863281,1,0,3,1,0,3
"124",23.1724605560303,1,0,4,5,1,1
"125",22.8071880340576,0,0,1,1,0,1
"126",24.4121398925781,1,0,3,1,0,3
"127",22.8071880340576,1,0,2,1,0,4
"128",29.5824165344238,1,0,4,1,1,4
"129",29.2890701293945,1,0,4,1,0,1
"130",26.4993476867676,1,0,1,1,0,1
"131",29.2887516021729,1,0,1,1,1,1
"132",24.6613368988037,1,0,2,4,0,3
"133",28.3531551361084,1,0,2,1,0,1
"134",26.4993476867676,1,0,4,1,0,1
"135",20.9410381317139,1,0,1,1,1,2
"136",35.5085678100586,1,0,1,1,0,1
"137",25.0592842102051,1,0,4,1,1,3
"138",38.772216796875,1,0,1,2,1,2
"139",26.5444641113281,1,0,2,1,0,2
"140",27.2770366668701,1,0,1,1,0,3
"141",22.8892650604248,1,0,1,1,0,1
"142",23.2969799041748,1,0,1,1,1,4
"143",33.7186431884766,0,0,4,1,0,1
"144",24.2761821746826,0,0,2,3,0,1
"145",21.8555545806885,1,0,3,1,0,1
"146",20.5977420806885,1,0,4,1,1,2
"147",20.3606700897217,1,0,2,1,1,1
"148",23.7099437713623,0,0,2,1,0,5
"149",27.4350776672363,1,0,1,1,1,2
"150",35.5429916381836,1,0,2,1,0,1
"151",20.5265026092529,1,0,3,1,0,2
"152",31.1766796112061,1,0,3,1,1,1
"153",28.3419628143311,1,0,2,1,1,1
"154",21.6329097747803,0,0,1,1,1,1
"155",30.1315517425537,1,0,1,3,0,2
"156",29.4052772521973,1,0,1,2,1,2
"157",29.98610496521,1,0,2,1,0,3
"158",27.1245994567871,1,0,1,1,0,3
"159",31.1761589050293,1,0,2,1,1,3
"160",23.7340240478516,1,0,4,1,0,1
"161",21.9268760681152,1,0,4,1,0,3
"162",25.768367767334,0,0,1,1,0,1
"163",26.2479305267334,1,0,2,1,0,1
"164",23.6747932434082,1,0,2,1,0,4
"165",26.7789649963379,0,0,2,1,0,4
"166",19.93581199646,1,0,1,1,1,2
"167",26.9621257781982,1,0,1,1,0,1
"168",33.3816795349121,1,0,2,1,0,4
"169",41.0123863220215,1,0,1,1,1,3
"170",29.1589450836182,1,0,3,1,0,4
"171",25.9188251495361,NA,0,1,1,1,1
"172",26.6083831787109,0,0,2,1,0,1
"173",28.1916980743408,1,0,2,1,0,1
"174",26.5710334777832,1,0,2,1,1,4
"175",22.3142204284668,1,0,1,1,1,1
"176",32.6903038024902,1,0,2,1,1,2
"177",18.7944641113281,1,0,2,1,0,1
"178",19.1580371856689,0,0,1,4,1,2
"179",25.8244113922119,1,0,4,1,0,1
"180",17.7542839050293,0,0,1,1,1,3
"181",32.280517578125,1,0,3,1,1,4
"182",33.1252212524414,0,0,1,1,0,1
"183",29.2640800476074,0,0,2,1,1,3
"184",24.4072933197021,1,0,4,1,0,4
"185",19.9688396453857,1,0,2,4,0,4
"186",21.1437721252441,1,0,1,1,0,1
"187",22.8625640869141,1,0,1,1,1,1
"188",31.0112609863281,0,0,2,3,1,3
"189",23.088228225708,1,0,1,1,1,4
"190",27.1967010498047,1,0,1,1,0,4
"191",19.3702850341797,1,0,1,1,0,3
"192",23.055908203125,1,0,2,4,0,4
"193",36.262264251709,1,0,2,1,1,3
"194",23.5674266815186,0,0,1,1,0,1
"195",30.6834564208984,0,0,2,3,0,3
"196",23.2969799041748,1,0,1,4,0,2
"197",42.585620880127,1,0,2,1,0,3
"198",24.4075565338135,1,0,2,1,0,3
"199",29.8370590209961,0,0,2,1,0,2
"200",25.7471771240234,1,0,3,1,1,3
"201",26.6083831787109,1,0,4,1,0,1
"202",29.9976367950439,1,0,1,1,0,1
"203",25.8244113922119,0,0,1,1,1,2
"204",22.5963611602783,1,0,2,1,1,4
"205",25.3920001983643,1,0,4,1,1,4
"206",25.8423900604248,1,0,2,1,1,4
"207",18.1311321258545,1,0,1,1,0,1
"208",50.2976417541504,1,0,3,1,1,2
"209",32.7755088806152,0,0,1,1,0,3
"210",25.1043548583984,1,0,1,1,0,2
"211",24.47971534729,1,0,3,1,1,2
"212",21.9268760681152,0,0,4,1,1,1
"213",28.480827331543,1,0,3,1,0,1
"214",28.4595527648926,0,0,2,1,0,2
"215",19.9984226226807,0,0,2,1,0,1
"216",48.6890296936035,1,0,1,1,0,2
"217",25.529146194458,1,0,1,1,0,2
"218",23.6276264190674,1,0,2,1,0,1
"219",19.2586612701416,0,0,1,1,0,1
"220",21.7288379669189,1,0,2,2,1,1
"221",28.318078994751,1,0,4,1,1,4
"222",20.6741752624512,0,0,1,2,0,1
"223",36.516773223877,1,0,2,1,0,1
"224",39.0516738891602,1,0,3,1,1,1
"225",39.3236122131348,1,0,2,1,1,1
"226",25.1043548583984,1,0,1,1,0,1
"227",34.1134338378906,1,0,4,2,1,1
"228",29.5345363616943,1,0,1,1,1,3
"229",22.1509017944336,1,0,1,1,0,4
"230",30.4095840454102,0,0,2,1,0,5
"231",19.9688396453857,1,0,2,1,1,2
"232",20.4495735168457,0,0,2,2,0,3
"233",54.9143104553223,1,0,2,1,0,1
"234",20.5181522369385,1,0,2,1,1,1
"235",20.3606700897217,1,0,2,1,1,1
"236",30.2860736846924,0,0,3,1,1,1
"237",27.1245994567871,0,0,1,3,0,1
"238",30.7982654571533,1,0,2,4,1,3
"239",24.2761821746826,1,0,4,1,0,1
"240",23.4930801391602,1,0,2,1,0,3
"241",26.4993476867676,1,0,3,1,0,4
"242",24.4453506469727,1,0,2,1,1,1
"243",25.793083190918,1,0,4,1,0,2
"244",22.8071880340576,1,0,1,1,0,1
"245",29.0163841247559,0,0,2,1,0,4
"246",19.7899112701416,1,0,1,4,0,3
"247",25.1043548583984,1,0,3,1,1,4
"248",25.8270473480225,1,0,2,1,0,2
"249",28.0578079223633,1,0,2,1,0,3
"250",24.4075565338135,1,0,2,4,0,1
"251",20.9823341369629,1,0,2,1,1,3
"252",25.3402061462402,0,0,2,1,1,1
"253",22.1509017944336,1,0,1,1,0,1
"254",25.8423900604248,1,0,2,4,0,1
"255",21.0052394866943,1,0,2,3,1,1
"256",22.3138618469238,1,0,3,1,1,2
"257",19.9006175994873,1,0,3,1,0,1
"258",31.6478672027588,1,0,3,1,0,4
"259",22.8071880340576,1,0,1,4,0,1
"260",32.9831848144531,1,0,2,1,0,1
"261",23.1231784820557,1,0,2,1,0,1
"262",27.3686256408691,1,0,3,1,0,4
"263",21.9657230377197,1,0,1,3,1,3
"264",28.0578079223633,1,0,2,1,0,2
"265",19.3702850341797,1,0,1,1,0,1
"266",23.055908203125,1,0,1,3,0,1
"267",22.8892650604248,1,0,2,1,0,3
"268",32.4879875183105,1,0,1,1,1,1
"269",29.5299491882324,NA,0,1,1,0,1
"270",30.1785850524902,1,0,2,1,1,4
"271",25.1046466827393,1,0,2,4,0,2
"272",24.4121398925781,1,0,4,1,0,3
"273",28.6294040679932,1,0,2,1,0,3
"274",24.7996311187744,1,0,3,1,1,4
"275",22.2401161193848,1,0,2,1,1,1
"276",36.8058280944824,0,0,2,1,1,4
"277",24.034782409668,1,0,1,4,1,4
"278",23.9139289855957,1,0,1,1,1,1
"279",25.8019962310791,1,0,2,1,0,1
"280",27.4350776672363,1,0,2,1,1,1
"281",30.4095840454102,1,0,3,1,0,2
"282",21.8732738494873,1,0,4,1,1,4
"283",25.8244113922119,1,0,2,1,0,3
"284",24.2682094573975,1,0,3,1,1,1
"285",26.5810832977295,1,0,1,1,0,3
"286",25.8427181243896,0,0,3,1,0,4
"287",27.1245994567871,1,0,2,1,0,4
"288",26.9749145507812,1,0,2,1,0,4
"289",33.0786781311035,1,0,1,1,0,1
"290",33.2813987731934,0,0,1,1,0,1
"291",19.1077060699463,1,0,2,1,1,1
"292",23.879825592041,1,0,1,1,0,2
"293",22.3142204284668,1,0,2,1,1,3
"294",19.766227722168,1,0,1,1,0,3
"295",24.1290149688721,1,0,1,1,0,3
"296",23.1231784820557,1,0,2,1,0,4
"297",19.766227722168,1,0,2,1,0,1
"298",20.1352462768555,1,0,1,1,1,2
"299",34.971019744873,0,0,3,1,0,1
"300",42.9119644165039,1,0,1,1,1,4
"301",21.4125385284424,0,0,2,1,0,1
"302",21.9268760681152,1,0,4,1,0,3
"303",26.4464855194092,1,0,3,1,0,4
"304",22.3400478363037,1,0,2,4,0,4
"305",25.0902538299561,1,0,4,1,0,1
"306",17.5080814361572,1,0,1,1,1,4
"307",21.9480609893799,1,0,2,1,1,4
"308",42.8250770568848,0,0,1,1,0,3
"309",21.6329097747803,1,0,1,1,1,1
"310",23.1231784820557,1,0,2,2,0,3
"311",22.3777942657471,1,0,1,1,0,2
"312",25.0879058837891,1,0,2,1,0,3
"313",43.806224822998,0,0,3,1,0,4
"314",33.4505424499512,1,0,1,1,0,1
"315",32.4879875183105,0,0,2,1,1,1
"316",21.7992782592773,1,0,2,3,1,1
"317",27.8940505981445,1,0,1,3,0,5
"318",22.2401161193848,1,0,1,1,0,5
"319",22.7415924072266,1,0,1,3,0,1
"320",29.5345363616943,1,0,3,1,0,1
"321",21.1437721252441,1,0,4,1,0,1
"322",51.4943542480469,0,0,1,1,1,1
"323",25.1043548583984,0,0,2,1,0,1
"324",23.8494129180908,1,0,2,1,0,3
"325",27.4384384155273,1,0,2,1,1,3
"326",35.2619781494141,1,0,1,1,0,1
"327",35.4280433654785,1,0,2,4,1,2
"328",23.5674266815186,1,0,3,1,1,1
"329",25.8423900604248,1,0,3,1,1,1
"330",26.5810832977295,1,0,2,1,0,3
"331",21.7288379669189,1,0,3,1,1,5
"332",18.754430770874,1,0,1,1,1,3
"333",23.6276264190674,0,0,3,1,1,3
"334",30.9995365142822,1,0,2,1,1,2
"335",40.7213401794434,0,0,2,1,1,1
"336",22.2985363006592,1,0,2,2,1,3
"337",28.2454490661621,1,0,2,1,1,4
"338",20.2544460296631,1,0,2,1,1,1
"339",24.3659915924072,0,0,2,1,0,4
"340",34.3295707702637,1,0,2,1,1,3
"341",27.1566982269287,1,0,1,1,0,1
"342",21.7992782592773,0,0,2,2,1,4
"343",25.793083190918,1,0,2,4,1,3
"344",24.4121398925781,1,0,1,1,0,1
"345",18.9540023803711,1,0,2,1,1,4
"346",31.9577102661133,1,0,4,1,0,1
"347",29.7579021453857,1,0,2,1,0,4
"348",20.0139198303223,1,0,3,2,1,4
"349",22.2401161193848,1,0,4,1,1,1
"350",41.3483505249023,1,0,3,1,1,1
"351",19.5258369445801,1,0,2,1,1,2
"352",20.9823341369629,1,0,4,1,0,1
"353",25.5617389678955,1,0,2,1,0,2
"354",20.3711261749268,1,0,3,1,1,1
"355",30.6834564208984,0,0,4,1,0,2
"356",22.8071880340576,1,0,3,2,0,4
"357",22.8625640869141,1,0,3,1,1,1
"358",24.7837409973145,1,0,1,5,0,1
"359",29.025203704834,1,0,4,1,0,1
"360",23.1724605560303,1,0,1,1,1,1
"361",25.8019962310791,0,0,4,1,0,2
"362",26.6251182556152,0,0,2,1,1,1
"363",24.0307006835938,1,0,4,1,1,1
"364",19.6653347015381,1,0,1,1,0,5
"365",23.4033756256104,0,0,2,4,0,2
"366",37.508861541748,1,0,1,1,0,2
"367",27.8940505981445,0,0,2,1,0,4
"368",29.6204452514648,0,0,1,1,0,1
"369",20.6344680786133,1,0,1,1,1,4
"370",24.9610500335693,1,0,1,4,0,4
"371",27.4571552276611,1,0,1,2,1,1
"372",25.1096267700195,1,0,3,1,0,4
"373",27.8940505981445,1,0,1,1,0,2
"374",28.7961730957031,1,0,1,2,0,4
"375",29.0524654388428,1,0,4,1,1,1
"376",21.7288379669189,1,0,2,4,1,4
"377",30.3445320129395,1,0,1,1,0,2
"378",20.5265026092529,1,0,1,1,1,4
"379",26.6314258575439,1,0,3,2,0,2
"380",26.4993476867676,0,0,2,2,0,4
"381",19.1368045806885,1,0,1,1,1,3
"382",28.1288642883301,1,0,3,2,0,1
"383",21.6996784210205,1,0,2,4,0,3
"384",21.9268760681152,1,0,2,5,0,2
"385",42.0867118835449,1,0,2,1,0,2
"386",21.6329097747803,1,0,1,4,1,2
"387",28.246036529541,1,0,1,1,0,2
"388",23.0369358062744,1,0,4,1,0,3
"389",44.6304779052734,0,0,3,1,0,1
"390",24.0052700042725,1,0,3,1,0,1
"391",28.0335216522217,0,0,2,1,0,3
"392",22.0469493865967,1,0,2,1,1,3
"393",20.1190567016602,0,0,2,1,1,4
"394",29.1589450836182,1,0,4,1,0,4
"395",27.2165756225586,1,0,2,1,1,3
"396",21.1092376708984,1,0,2,1,0,4
"397",22.3777942657471,1,0,1,1,0,1
"398",28.2477760314941,1,0,2,1,0,1
"399",34.3295707702637,0,0,3,1,1,4
"400",30.6664886474609,1,0,2,2,1,3
"401",23.7099437713623,1,0,1,1,0,2
"402",23.2969799041748,1,0,4,1,0,2
"403",24.4121360778809,0,0,2,1,1,1
"404",18.7485218048096,1,0,2,3,1,1
"405",24.3922100067139,1,0,3,1,0,1
"406",22.3152389526367,0,0,2,1,0,2
"407",25.7471771240234,1,0,1,1,1,1
"408",31.8852405548096,1,0,2,1,1,1
"409",26.4993476867676,1,0,4,1,0,2
"410",27.7899684906006,1,0,2,1,1,3
"411",25.7471771240234,1,0,1,3,1,2
"412",22.7099781036377,1,0,4,1,1,3
"413",25.3310871124268,1,0,1,5,0,1
"414",40.6869010925293,1,0,3,1,0,1
"415",28.2891883850098,1,0,2,3,0,3
"416",22.1509017944336,1,0,2,1,1,3
"417",19.3344116210938,0,0,1,4,1,5
"418",27.4636554718018,1,0,2,1,1,1
"419",31.749626159668,1,0,3,1,0,1
"420",22.1509017944336,1,0,2,1,0,1
"421",26.6879463195801,1,0,2,1,0,1
"422",25.793083190918,0,0,4,1,1,1
"423",25.8019962310791,1,0,2,4,0,3
"424",19.8393726348877,0,0,2,4,1,4
"425",17.9354476928711,1,0,1,4,1,1
"426",17.5415000915527,1,0,2,1,1,2
"427",27.1967010498047,1,0,2,1,0,1
"428",21.7893486022949,1,0,2,3,1,1
"429",23.4930801391602,1,0,2,1,1,3
"430",25.8019962310791,1,0,4,1,0,1
"431",21.9480609893799,1,0,2,4,1,3
"432",26.191780090332,1,0,4,1,1,3
"433",28.8910598754883,1,0,1,1,1,2
"434",21.455982208252,1,0,1,1,0,1
"435",20.5977420806885,1,0,3,1,1,1
"436",22.8291645050049,1,0,2,1,1,2
"437",29.5299491882324,1,0,1,3,0,2
"438",27.8940505981445,1,0,1,1,0,1
"439",33.6566390991211,1,0,4,1,1,2
"440",25.8526000976562,0,0,3,5,1,1
"441",22.3777942657471,1,0,2,1,0,4
"442",52.4558410644531,0,0,2,1,1,1
"443",29.8370590209961,1,0,1,1,0,3
"444",25.84814453125,0,0,1,1,0,1
"445",42.9330062866211,1,0,2,1,1,1
"446",24.2103862762451,1,0,2,1,1,4
"447",22.8665981292725,1,0,1,1,1,1
"448",19.3683090209961,1,0,1,1,0,2
"449",18.6528663635254,1,0,1,1,0,4
"450",31.0041942596436,1,0,1,1,0,1
"451",20.3711261749268,1,0,2,1,1,3
"452",36.1798057556152,0,0,2,1,0,1
"453",22.3152389526367,1,0,1,1,0,1
"454",26.3651084899902,0,0,1,1,1,2
"455",25.793083190918,1,0,4,4,0,4
"456",23.6747932434082,1,0,1,1,0,2
"457",34.971019744873,1,0,1,1,1,1
"458",25.1096267700195,0,0,3,1,0,2
"459",18.2900505065918,1,0,1,1,1,1
"460",24.8889389038086,1,0,3,1,1,2
"461",20.5264682769775,0,0,2,1,1,3
"462",25.6853332519531,1,0,1,1,1,1
"463",26.7789649963379,1,0,2,1,0,5
"464",21.0215644836426,1,0,2,1,0,4
"465",22.2985744476318,1,0,1,4,0,1
"466",20.800874710083,1,0,2,1,1,1
"467",36.3155784606934,1,0,4,1,0,2
"468",25.8427181243896,1,0,1,1,0,4
"469",28.6967182159424,1,0,1,4,0,4
"470",23.055908203125,0,0,1,1,0,2
"471",33.7186431884766,0,0,2,3,0,1
"472",23.7099437713623,1,0,1,5,0,5
"473",22.1509017944336,1,0,4,1,1,4
"474",25.1046466827393,1,0,4,1,0,4
"475",23.6276264190674,1,0,2,1,0,1
"476",20.3606700897217,1,0,4,1,1,3
"477",29.1932010650635,1,0,3,1,0,4
"478",28.1916980743408,1,0,1,5,1,5
"479",18.4225826263428,1,0,3,1,1,1
"480",31.4558124542236,1,0,1,3,0,1
"481",34.971019744873,0,0,2,1,0,1
"482",24.7996311187744,1,0,1,1,1,3
"483",23.4633865356445,1,0,2,1,1,1
"484",26.9124813079834,1,0,2,2,0,3
"485",20.2223720550537,1,0,1,5,0,1
"486",23.6276264190674,0,0,1,1,0,2
"487",39.4790077209473,1,0,2,5,1,3
"488",23.988883972168,0,0,2,1,0,1
"489",25.8019962310791,0,0,4,1,0,3
"490",24.4121360778809,0,0,1,4,1,3
"491",41.143726348877,1,0,2,1,0,1
"492",23.6276264190674,1,0,2,1,1,3
"493",33.1149940490723,1,0,1,2,1,1
"494",28.7520751953125,1,0,1,1,0,3
"495",26.5810832977295,1,0,1,1,0,1
"496",16.1402587890625,1,0,2,1,1,5
"497",30.0383720397949,1,0,2,1,1,4
"498",20.5425720214844,1,0,2,1,0,2
"499",22.9191665649414,1,0,3,1,1,2
"500",23.7340240478516,1,0,1,1,0,2
"501",27.3686256408691,1,0,2,1,0,1
"502",27.1245994567871,1,0,1,1,0,1
"503",40.350643157959,1,0,2,1,0,1
"504",22.6739482879639,1,0,4,1,1,1
"505",21.0335597991943,0,0,1,5,1,1
"506",26.4993476867676,1,0,4,1,0,4
"507",54.5814933776855,1,0,2,1,1,1
"508",27.7058753967285,0,0,1,1,0,2
"509",20.9823341369629,1,0,4,1,1,1
"510",23.6276264190674,1,0,3,1,1,1
"511",23.1724605560303,1,0,2,1,1,4
"512",26.6254901885986,1,0,2,1,1,4
"513",26.5810832977295,0,0,1,1,0,2
"514",19.1580371856689,1,0,1,1,1,3
"515",22.0469493865967,1,0,1,1,0,3
"516",21.7689018249512,0,0,1,4,0,2
"517",27.0692749023438,0,0,3,3,1,1
"518",22.1425285339355,1,0,4,1,1,4
"519",28.7153816223145,1,0,2,1,1,1
"520",19.4621334075928,1,0,4,1,1,3
"521",32.0781593322754,1,0,1,3,0,3
"522",21.2568264007568,1,0,1,1,1,3
"523",21.6996784210205,1,0,2,1,1,2
"524",26.5810832977295,0,0,3,1,0,1
"525",59.2907371520996,0,0,2,3,0,1
"526",24.5894260406494,1,0,2,1,1,4
"527",24.3276653289795,0,0,2,1,0,2
"528",22.3142204284668,1,0,2,1,1,1
"529",28.280912399292,0,0,1,1,0,4
"530",26.4524993896484,1,0,4,1,1,4
"531",28.8910598754883,1,0,4,1,1,4
"532",18.55322265625,1,0,1,1,1,1
"533",24.2761821746826,1,0,2,4,0,1
"534",33.6566390991211,0,0,2,1,1,4
"535",27.4384384155273,1,0,2,1,0,1
"536",23.7770652770996,1,0,1,1,1,3
"537",23.055908203125,1,0,2,1,0,1
"538",34.971019744873,1,0,3,1,1,1
"539",30.6834564208984,0,0,1,1,0,1
"540",29.121223449707,1,0,1,1,1,1
"541",44.3018035888672,0,0,1,4,0,3
"542",32.280517578125,NA,0,1,1,0,2
"543",29.2887516021729,1,0,4,1,0,4
"544",39.1551361083984,NA,0,1,1,0,1
"545",38.273609161377,0,0,1,3,1,1
"546",27.2920074462891,1,0,2,1,1,1
"547",23.9139289855957,1,0,1,1,1,1
"548",28.480827331543,0,0,1,1,0,1
"549",20.4495735168457,0,0,2,1,0,1
"550",27.9563770294189,1,0,4,1,1,4
"551",26.3042888641357,0,0,2,1,1,1
"552",22.8625640869141,1,0,1,1,1,1
"553",25.1043548583984,1,0,1,1,0,4
"554",20.087703704834,0,0,2,1,1,4
"555",21.2072105407715,1,0,1,2,1,3
"556",18.3663196563721,1,0,4,1,1,1
"557",25.1046466827393,1,0,1,1,0,3
"558",20.3711261749268,1,0,2,4,1,3
"559",44.6277236938477,0,0,4,1,1,3
"560",21.4125385284424,1,0,3,1,0,2
"561",29.1589450836182,1,0,3,1,0,3
"562",26.5444641113281,1,0,2,4,0,4
"563",20.6739101409912,1,0,1,3,0,1
"564",37.1225929260254,1,0,2,1,1,2
"565",26.257495880127,1,0,2,1,0,2
"566",21.1437721252441,1,0,1,1,0,2
"567",23.0125923156738,1,0,4,1,0,1
"568",22.4285659790039,0,0,1,1,0,2
"569",33.1252212524414,0,0,1,1,1,1
"570",23.8696479797363,1,0,3,1,0,1
"571",38.354320526123,1,0,1,1,0,2
"572",22.1509017944336,1,0,1,1,0,1
"573",17.3597412109375,1,0,2,1,1,2
"574",22.08349609375,1,0,2,1,1,1
"575",25.606071472168,1,0,2,2,1,4
"576",21.9564800262451,1,0,3,1,0,2
"577",21.7893486022949,1,0,1,1,1,4
"578",22.3152389526367,1,0,2,2,0,2
"579",23.055908203125,1,0,1,1,0,1
"580",25.5230560302734,0,0,2,1,0,3
"581",32.280517578125,1,0,4,1,1,4
"582",18.828483581543,0,0,2,1,0,1
"583",27.0645275115967,1,0,1,1,1,2
"584",18.2457485198975,1,0,1,4,0,1
"585",28.3655395507812,1,0,2,1,0,4
"586",20.7841053009033,1,0,2,1,1,4
"587",20.5264682769775,1,0,1,4,0,3
"588",21.305139541626,1,0,3,2,1,1
"589",23.4930801391602,1,0,1,4,1,2
"590",20.1190567016602,1,0,1,2,1,2
"591",31.0041942596436,1,0,1,1,0,4
"592",24.7460441589355,1,1,3,1,1,4
"593",25.8423900604248,0,1,4,1,0,2
"594",28.591402053833,1,1,2,4,0,4
"595",32.0981483459473,1,1,1,1,1,1
"596",30.4095840454102,1,1,4,1,0,1
"597",23.4033756256104,1,1,1,1,0,2
"598",27.1245994567871,0,1,3,1,0,1
"599",26.6083831787109,1,1,2,1,0,4
"600",40.6869010925293,0,1,2,1,0,3
"601",21.0215644836426,0,1,1,3,0,1
"602",23.0805683135986,1,1,2,1,1,4
"603",24.3276653289795,0,1,3,2,1,3
"604",22.2399559020996,1,1,2,1,0,2
"605",28.6967182159424,0,1,3,1,1,2
"606",24.3659915924072,1,1,2,1,0,1
"607",25.606071472168,0,1,2,1,1,3
"608",20.6677589416504,1,1,2,1,1,2
"609",22.2399559020996,0,1,2,1,0,3
"610",38.3948936462402,1,1,2,1,1,2
"611",23.3271560668945,0,1,1,1,0,1
"612",25.0592842102051,0,1,1,1,0,1
"613",20.5061931610107,1,1,3,1,1,4
"614",31.473503112793,0,1,1,1,0,1
"615",26.3108596801758,1,1,3,1,0,4
"616",19.6653347015381,1,1,1,1,0,1
"617",25.0592842102051,0,1,4,1,1,1
"618",20.6928367614746,1,1,1,4,0,2
"619",30.231424331665,1,1,1,1,1,1
"620",27.1967010498047,1,1,2,1,0,1
"621",15.7831945419312,1,1,1,1,0,1
"622",26.6254901885986,1,1,1,1,1,1
"623",66.4552688598633,0,1,3,1,0,1
"624",23.5984001159668,1,1,2,1,0,2
"625",29.2281360626221,1,1,3,5,1,3
"626",35.8708992004395,1,1,3,1,1,1
"627",23.7099437713623,1,1,1,5,0,5
"628",20.3744201660156,1,1,2,1,1,1
"629",34.9621772766113,1,1,2,2,0,4
"630",20.1753215789795,0,1,2,4,0,1
"631",25.1043548583984,1,1,2,4,0,4
"632",33.2263526916504,1,1,3,1,0,2
"633",22.5963611602783,1,1,2,1,1,4
"634",43.399356842041,0,1,2,1,0,1
"635",30.0208778381348,0,1,4,1,1,4
"636",22.4285659790039,1,1,1,1,0,3
"637",18.5612964630127,1,1,2,1,1,5
"638",29.9532604217529,1,1,2,1,0,1
"639",19.6911144256592,1,1,4,1,1,2
"640",44.0103721618652,0,1,1,1,1,1
"641",25.9188251495361,1,1,1,1,0,4
"642",40.231201171875,1,1,3,1,1,2
"643",26.6083831787109,1,1,2,1,0,4
"644",18.8812637329102,NA,1,1,5,1,5
"645",34.1702117919922,1,1,4,2,0,3
"646",30.4164085388184,0,1,2,1,0,2
"647",26.4524993896484,0,1,2,1,1,1
"648",29.9532604217529,1,1,4,1,1,3
"649",30.896614074707,1,1,3,1,1,1
"650",27.3686256408691,1,1,1,1,1,1
"651",19.1974468231201,1,1,2,4,0,4
"652",31.473503112793,0,1,3,4,0,3
"653",21.3389492034912,1,1,2,1,0,5
"654",27.7058753967285,1,1,1,3,0,1
"655",31.3241081237793,1,1,4,1,1,3
"656",32.7755088806152,0,1,3,1,1,2
"657",31.6173286437988,1,1,2,2,1,1
"658",51.6847801208496,0,1,3,1,1,4
"659",20.4981269836426,1,1,2,1,1,1
"660",35.5649147033691,1,1,2,1,0,2
"661",45.9147453308105,0,1,3,1,0,4
"662",28.480827331543,1,1,1,1,0,3
"663",26.9253120422363,1,1,3,1,1,2
"664",21.4784183502197,1,1,2,1,0,3
"665",23.6276264190674,1,1,2,1,1,3
"666",21.5822601318359,1,1,3,1,1,3
"667",54.9134674072266,1,1,1,3,1,4
"668",23.2969799041748,1,1,3,1,1,1
"669",35.8833084106445,1,1,2,1,1,1
"670",36.5801010131836,1,1,2,1,1,4
"671",22.8138904571533,1,1,1,2,0,2
"672",51.4943542480469,0,1,2,1,1,1
"673",23.594165802002,1,1,3,1,1,2
"674",27.2618808746338,1,1,2,1,0,1
"675",31.930061340332,0,1,2,1,0,3
"676",20.3788299560547,0,1,3,1,1,1
"677",30.5410060882568,1,1,2,1,1,3
"678",39.1551361083984,1,1,1,2,1,4
"679",37.3117065429688,1,1,2,2,1,3
"680",35.2619781494141,0,1,2,1,0,3
"681",44.9935264587402,0,1,1,4,1,1
"682",23.055908203125,1,1,2,1,0,1
"683",19.6653347015381,1,1,1,1,0,3
"684",23.6747932434082,1,1,2,1,0,3
"685",26.5769538879395,1,1,2,1,0,3
"686",23.6276264190674,1,1,2,4,0,1
"687",39.1551361083984,0,1,1,1,1,1
"688",26.4464855194092,1,1,1,1,0,2
"689",27.4636554718018,1,1,2,2,1,3
"690",24.3659915924072,1,1,1,1,0,1
"691",19.045503616333,1,1,1,4,0,4
"692",26.5810832977295,1,1,4,1,0,3
"693",20.6595287322998,0,1,4,1,1,1
"694",26.5710334777832,1,1,4,1,1,2
"695",29.1801338195801,1,1,4,1,1,1
"696",21.6329097747803,1,1,1,4,0,2
"697",30.0383720397949,1,1,2,1,1,2
"698",28.1729907989502,0,1,2,1,0,4
"699",23.4840278625488,1,1,2,1,1,4
"700",25.0672206878662,0,1,2,1,0,1
"701",53.0838317871094,1,1,3,1,1,1
"702",25.0592842102051,1,1,4,1,0,4
"703",25.0879058837891,1,1,1,1,1,3
"704",23.2969799041748,1,1,2,1,1,1
"705",24.9610500335693,0,1,3,1,0,2
"706",44.0774765014648,1,1,2,3,0,4
"707",25.8019962310791,1,1,3,1,0,3
"708",21.1845283508301,1,1,1,1,0,1
"709",27.1245994567871,1,1,1,1,0,4
"710",20.800874710083,1,1,2,3,1,1
"711",36.9181709289551,1,1,2,1,0,3
"712",19.6653347015381,0,1,1,1,0,2
"713",23.6276264190674,1,1,3,1,0,3
"714",27.3875770568848,1,1,1,1,0,4
"715",18.9540023803711,1,1,4,2,1,3
"716",28.3655395507812,1,1,2,1,0,2
"717",22.7099781036377,1,1,3,1,1,2
"718",23.9629421234131,1,1,1,1,0,1
"719",31.3241081237793,1,1,1,1,0,1
"720",29.8594760894775,1,1,2,2,1,1
"721",37.9744415283203,1,1,3,1,0,3
"722",60.0914154052734,1,1,1,1,0,1
"723",26.1140117645264,1,1,2,1,0,3
"724",20.3606700897217,1,1,4,1,1,3
"725",34.7510948181152,1,1,4,2,1,1
"726",29.414134979248,0,1,1,1,0,1
"727",18.8812637329102,1,1,2,1,1,4
"728",30.3816699981689,0,1,4,1,1,2
"729",26.5810832977295,1,1,2,1,0,3
"730",21.7288379669189,0,1,4,1,1,3
"731",28.889102935791,1,1,4,3,0,1
"732",23.3441066741943,1,1,4,1,1,3
"733",23.4930801391602,1,1,2,1,0,3
"734",33.0012245178223,1,1,3,1,0,4
"735",22.0469493865967,1,1,4,1,1,1
"736",24.4072933197021,1,1,2,1,0,3
"737",31.6638565063477,0,1,2,2,0,1
"738",23.6183013916016,1,1,1,4,1,1
"739",25.5617389678955,1,1,2,1,0,3
"740",42.574764251709,1,1,1,1,1,5
"741",26.4464855194092,1,1,1,1,0,1
"742",21.9480609893799,1,1,2,1,1,4
"743",22.4591655731201,1,1,3,5,1,5
"744",23.7478942871094,1,1,1,1,0,1
"745",20.800874710083,1,1,2,1,1,4
"746",29.2890701293945,1,1,4,1,0,1
"747",42.6893310546875,0,1,2,1,0,1
"748",21.9709243774414,1,1,3,1,1,1
"749",23.2969799041748,1,1,4,4,1,4
"750",23.9139289855957,1,1,3,2,1,3
"751",32.0781593322754,1,1,2,1,0,2
"752",18.6528663635254,1,1,2,1,0,1
"753",27.1967010498047,1,1,3,5,0,2
"754",34.5838623046875,1,1,2,1,0,2
"755",19.1077060699463,1,1,2,3,1,3
"756",35.0099945068359,1,1,2,1,0,3
"757",33.6566390991211,1,1,3,3,1,2
"758",25.5400791168213,1,1,1,3,0,1
"759",22.8071880340576,1,1,3,1,0,1
"760",22.3834381103516,0,1,3,1,1,3
"761",33.4505424499512,0,1,4,1,0,3
"762",22.4967632293701,0,1,2,1,1,4
"763",47.2031593322754,0,1,1,1,1,4
"764",45.6143760681152,1,1,2,1,1,1
"765",41.195484161377,0,1,4,1,1,3
"766",34.2600593566895,0,1,2,1,0,4
"767",27.7345008850098,1,1,2,1,0,1
"768",30.1315517425537,1,1,4,1,0,4
"769",22.594181060791,1,1,1,1,0,4
"770",20.9672813415527,0,1,1,1,1,3
"771",24.7996311187744,1,1,4,1,1,1
"772",18.8812637329102,1,1,3,1,1,3
"773",32.770938873291,1,1,2,1,1,3
"774",30.6664886474609,1,1,2,1,0,1
"775",22.4649448394775,1,1,1,1,0,4
"776",22.2170791625977,1,1,1,1,1,1
"777",22.1509017944336,1,1,4,1,1,3
"778",23.8715229034424,1,1,2,1,0,4
"779",25.9990081787109,1,1,2,3,0,4
"780",56.2455673217773,0,1,4,1,1,2
"781",42.5734176635742,0,1,4,1,0,1
"782",54.7944641113281,0,1,3,1,1,4
"783",27.4384384155273,1,1,4,1,1,1
"784",27.4350776672363,1,1,4,1,1,2
"785",24.4072933197021,1,1,1,1,0,1
"786",27.4571552276611,1,1,2,2,1,1
"787",23.6747932434082,1,1,2,2,1,4
"788",24.3276653289795,1,1,1,1,0,1
"789",18.8669986724854,1,1,1,1,0,1
"790",22.5963611602783,1,1,1,1,0,1
"791",28.2891883850098,1,1,1,1,1,4
"792",39.3159599304199,0,1,2,1,0,1
"793",23.5674266815186,1,1,1,1,0,1
"794",22.2482471466064,0,1,2,1,0,4
"795",22.9191665649414,1,1,4,1,1,2
"796",25.549825668335,1,1,4,1,0,1
"797",39.7816162109375,1,1,2,2,1,1
"798",18.9703979492188,1,1,3,1,1,1
"799",23.4033756256104,1,1,4,1,1,4
"800",19.005989074707,1,1,1,1,0,2
"801",25.6229801177979,1,1,2,1,0,1
"802",25.5077667236328,1,1,3,4,1,2
"803",23.7340240478516,1,1,1,1,0,2
"804",35.731258392334,0,1,2,1,0,1
"805",23.1724605560303,1,1,2,1,1,2
"806",22.7099781036377,1,1,4,1,1,3
"807",25.2441158294678,1,1,1,1,0,1
"808",20.1753215789795,1,1,4,1,1,3
"809",30.8138580322266,1,1,2,1,0,2
"810",23.4930801391602,1,1,1,4,0,3
"811",23.6747932434082,1,1,2,1,0,2
"812",25.6782169342041,0,1,1,1,0,1
"813",23.1724605560303,1,1,1,1,1,1
"814",31.1932907104492,1,1,1,1,0,2
"815",26.9621257781982,1,1,2,2,0,2
"816",40.6869010925293,1,1,1,1,0,2
"817",25.8427181243896,1,1,4,1,1,4
"818",18.0230236053467,1,1,2,2,1,4
"819",25.6853332519531,1,1,2,1,1,4
"820",27.8940505981445,0,1,2,1,0,3
"821",22.8892650604248,1,1,1,1,0,2
"822",20.5061931610107,0,1,1,1,1,1
"823",20.5264682769775,1,1,1,1,1,1
"824",23.8576240539551,1,1,3,1,0,4
"825",26.4993476867676,1,1,3,1,0,2
"826",21.9177837371826,1,1,4,1,1,2
"827",21.1437721252441,1,1,2,1,1,5
"828",31.3241081237793,1,1,2,3,1,2
"829",21.2568264007568,1,1,1,1,1,3
"830",24.0052700042725,1,1,2,2,0,4
"831",29.8535327911377,0,1,4,1,1,3
"832",24.137523651123,1,1,1,3,0,3
"833",31.1761589050293,0,1,4,1,0,3
"834",35.2396202087402,0,1,2,1,0,4
"835",22.0469493865967,1,1,1,1,0,2
"836",25.8244113922119,0,1,3,1,1,4
"837",22.7846641540527,1,1,3,1,0,1
"838",30.4095840454102,1,1,4,1,1,1
"839",30.515172958374,1,1,2,1,0,1
"840",40.7422523498535,1,1,2,1,1,2
"841",36.1227951049805,1,1,2,1,1,3
"842",20.8051204681396,1,1,4,1,0,1
"843",21.9268760681152,1,1,2,1,0,1
"844",25.0592842102051,1,1,3,3,0,1
"845",19.1391162872314,1,1,1,4,1,4
"846",29.8370590209961,0,1,2,1,0,2
"847",23.2969799041748,1,1,1,1,1,5
"848",20.3606700897217,1,1,1,4,0,3
"849",26.7789649963379,1,1,4,1,0,1
"850",20.0474281311035,1,1,1,4,1,4
"851",20.9823341369629,1,1,1,1,0,2
"852",25.7471771240234,1,1,4,1,1,1
"853",48.5523643493652,0,1,1,2,1,1
"854",24.2761821746826,0,1,2,3,0,1
"855",28.9088020324707,1,1,1,1,1,1
"856",24.4072933197021,1,1,2,1,0,3
"857",24.4121398925781,1,1,1,1,0,2
"858",24.1290149688721,1,1,1,1,1,1
"859",18.5379676818848,1,1,4,1,1,4
"860",21.5602111816406,1,1,4,1,0,1
"861",21.0215644836426,0,1,2,1,0,4
"862",27.4384384155273,0,1,1,1,1,1
"863",35.6218414306641,1,1,3,1,0,2
"864",23.1724605560303,1,1,1,1,0,3
"865",23.4930801391602,1,1,2,1,0,4
"866",19.3683090209961,1,1,1,1,1,1
"867",23.6297931671143,1,1,4,1,1,4
"868",33.5413284301758,1,1,1,1,0,2
"869",21.6279449462891,1,1,4,1,1,4
"870",33.6429786682129,0,1,3,1,1,1
"871",27.3415946960449,1,1,2,1,1,2
"872",18.9540023803711,0,1,4,1,1,1
"873",23.9139289855957,1,1,2,2,1,1
"874",31.3241081237793,0,1,1,1,1,3
"875",22.2399559020996,0,1,2,1,0,3
"876",35.2396202087402,0,1,3,1,1,3
"877",22.2985744476318,1,1,2,1,0,2
"878",22.9191665649414,0,1,1,4,0,1
"879",24.2103862762451,1,1,4,3,1,4
"880",20.9205379486084,1,1,2,1,1,1
"881",30.7852935791016,1,1,2,1,1,3
"882",23.5984001159668,1,1,3,1,0,1
"883",25.8270473480225,1,1,1,4,0,3
"884",14.4719228744507,1,1,3,1,1,3
"885",33.4728622436523,0,1,3,1,0,1
"886",23.0282287597656,1,1,2,1,1,1
"887",24.7996311187744,0,1,1,3,0,3
"888",25.6782169342041,0,1,1,1,0,1
"889",20.3606700897217,0,1,2,1,0,1
"890",22.8625640869141,0,1,2,5,1,3
"891",27.9563770294189,NA,1,2,1,1,1
"892",33.2813987731934,0,1,2,1,1,3
"893",21.9268760681152,1,1,1,2,1,4
"894",22.3777942657471,1,1,1,4,0,2
"895",25.5440502166748,1,1,2,4,0,2
"896",37.1225929260254,0,1,2,1,0,4
"897",34.0559463500977,0,1,4,1,1,1
"898",26.5710334777832,0,1,3,1,1,1
"899",33.0012245178223,0,1,4,1,0,3
"900",23.3271560668945,0,1,1,1,0,1
"901",23.4356517791748,1,1,2,1,1,1
"902",28.7153816223145,1,1,2,1,1,1
"903",23.9617576599121,1,1,3,1,0,2
"904",48.4207725524902,1,1,2,1,1,2
"905",28.2454490661621,1,1,1,2,1,4
"906",24.6915683746338,1,1,2,1,1,3
"907",25.84814453125,1,1,2,4,0,3
"908",25.7268848419189,1,1,2,1,0,1
"909",33.7186431884766,0,1,4,1,0,1
"910",30.3445320129395,0,1,1,2,0,3
"911",17.2180309295654,1,1,2,1,0,1
"912",22.5963611602783,0,1,3,1,1,2
"913",23.5674266815186,0,1,1,1,1,2
"914",23.5674266815186,1,1,4,1,0,1
"915",19.5775680541992,1,1,2,1,1,3
"916",40.5651092529297,0,1,2,1,1,2
"917",23.2969799041748,1,1,2,1,1,2
"918",22.8731212615967,1,1,2,1,0,3
"919",24.0307006835938,0,1,4,1,1,2
"920",23.2969799041748,1,1,2,1,0,1
"921",24.3659915924072,1,1,1,3,0,1
"922",25.239953994751,0,1,2,4,0,3
"923",27.4567337036133,0,1,1,1,1,1
"924",26.9253120422363,1,1,3,1,0,1
"925",19.5258369445801,1,1,2,1,0,1
"926",25.6835613250732,1,1,3,1,0,2
"927",25.1046466827393,1,1,2,1,0,4
"928",33.9647178649902,0,1,2,1,0,3
"929",23.988883972168,1,1,2,1,0,2
"930",23.4627780914307,1,1,1,1,0,1
"931",27.8940505981445,1,1,1,1,0,1
"932",23.1520614624023,1,1,4,1,1,2
"933",42.9119644165039,1,1,1,1,1,4
"934",18.1311321258545,0,1,1,2,0,3
"935",41.157657623291,1,1,3,1,1,1
"936",18.5997219085693,1,1,2,1,1,4
"937",21.1437721252441,0,1,1,1,1,1
"938",21.2568264007568,1,1,2,2,1,2
"939",21.9480609893799,1,1,1,1,1,1
"940",31.1932907104492,1,1,2,1,0,2
"941",23.7099437713623,1,1,3,1,0,1
"942",26.4464855194092,1,1,1,1,0,2
"943",22.2401161193848,1,1,2,1,1,1
"944",36.5801010131836,0,1,2,1,1,1
"945",20.9695205688477,1,1,3,2,1,4
"946",25.5400791168213,1,1,2,1,1,1
"947",19.9688396453857,1,1,1,3,1,4
"948",44.3018035888672,0,1,1,4,0,1
"949",35.6688461303711,1,1,2,1,0,3
"950",32.6903038024902,NA,1,2,3,0,1
"951",24.8889389038086,1,1,1,1,1,3
"952",27.4571552276611,1,1,4,1,1,1
"953",24.4072933197021,1,1,1,1,0,1
"954",34.6655921936035,1,1,3,1,0,3
"955",22.8892650604248,0,1,2,1,1,1
"956",38.7366180419922,0,1,3,1,0,1
"957",26.5710334777832,1,1,3,2,1,2
"958",25.4602718353271,1,1,2,4,1,3
"959",25.8244113922119,0,1,4,1,1,1
"960",21.8555545806885,1,1,1,1,0,2
"961",31.3241081237793,1,1,2,1,1,1
"962",20.5977420806885,1,1,1,1,1,1
"963",23.7340240478516,1,1,1,3,0,3
"964",21.2568264007568,1,1,1,1,1,3
"965",25.8019962310791,1,1,3,1,0,4
"966",20.5977420806885,1,1,2,1,1,3
"967",26.3086185455322,1,1,2,1,0,2
"968",22.1509017944336,1,1,3,1,0,2
"969",27.8940505981445,1,1,3,1,0,1
"970",25.4602718353271,1,1,4,1,1,3
"971",25.8244113922119,0,1,2,1,1,2
"972",31.0112609863281,0,1,1,1,0,1
"973",20.3606700897217,1,1,4,1,1,4
"974",20.5021266937256,1,1,3,1,0,2
"975",22.3152389526367,1,1,1,1,0,1
"976",32.6146125793457,1,1,2,1,1,1
"977",23.1272888183594,0,1,1,1,1,1
"978",34.3295707702637,0,1,3,1,1,4
"979",26.6054172515869,1,1,2,1,1,1
"980",26.4464855194092,1,1,2,1,0,1
"981",34.4565162658691,1,1,2,1,1,1
"982",20.5061931610107,1,1,1,4,1,2
"983",27.4636554718018,1,1,2,1,1,1
"984",23.7099437713623,1,1,1,1,0,1
